"film_id","year","length","budget","votes","genre","rating"
31804,2002,18,9.6,15,"Drama",8
25453,2000,98,13.8,23,"Action",3.3
5479,1989,81,11.5,57,"Documentary",7.9
44235,1995,100,7.5,32,"Action",3.4
14580,2003,80,10.8,30,"Action",2.6
31060,1990,90,13.8,81,"Comedy",3.5
44255,1967,98,13.6,19,"Documentary",8.2
22834,1987,58,15.6,24,"Documentary",8.6
58656,1968,174,11.3,89,"Comedy",4.4
23126,1931,3,15.7,7,"Comedy",7.9
58403,1991,100,14.3,563,"Drama",4.9
48004,1937,93,16.4,80,"Comedy",8.3
35454,1971,68,10.2,5,"Drama",4
58563,1987,NA,13.7,108,"Action",3.6
25377,1977,NA,14.3,9,"Comedy",8.5
33737,1972,105,8.6,61,"Action",4.5
2039,1999,NA,15.3,12,"Documentary",8.5
58299,1975,NA,15.1,158,"Animation",8.2
22438,2001,110,10.4,8037,"Comedy",4
15410,1936,69,12.1,45,"Comedy",7.4
18642,1994,142,9.3,89722,"Comedy",3.8
42298,2000,148,12.2,6,"Comedy",3.4
5,1975,71,13.5,17,"Action",4.6
10500,1944,71,15.2,124,"Drama",4.6
22021,1980,88,16.7,51,"Comedy",8.4
27560,1977,90,10.8,3756,"Comedy",8.3
11454,1941,7,10.9,37,"Animation",7.7
52193,1990,90,11.4,113,"Drama",4.6
11590,1995,42,14.2,100,"Short",8.9
38508,2002,88,15.1,5,"Comedy",8.4
10990,1986,95,14.8,10,"Action",3.9
49948,1972,89,12.8,8,"Comedy",4.2
36161,1982,89,12,42,"Action",2.5
26239,1901,3,9.3,5,"Documentary",9.1
12582,1997,5,9.9,21,"Comedy",7.2
45281,1979,91,8.7,33,"Action",2.5
52644,1970,105,15.8,12,"Comedy",8.1
886,1997,123,10.5,43,"Action",2.7
53182,2001,89,14.5,343,"Drama",4
39748,1990,100,10,63,"Action",4.9
7390,1959,95,10.5,51,"Comedy",7.4
12065,1994,54,13.9,16,"Documentary",8.6
56756,1970,96,14.2,184,"Comedy",8.3
28191,1961,95,13.4,24,"Drama",3.7
2267,1992,65,10,38,"Action",4.7
47806,1994,95,14.7,50,"Action",5
23099,1948,97,13.9,60,"Drama",4.9
58612,1961,6,15.6,31,"Animation",8.1
10457,1990,93,10.7,54,"Comedy",7.8
22152,1985,89,5.7,51,"Comedy",4.2
14728,1971,85,6.6,87,"Comedy",3.4
24016,1974,102,10,109,"Action",5.9
55122,1932,77,11.4,12,"Comedy",8.3
21417,1915,NA,9.4,13,"Drama",7.7
54090,1927,60,13.8,72,"Comedy",7.9
43921,1921,22,14.6,12,"Comedy",8
16282,1999,20,7.3,13,"Short",8.1
45539,1974,102,14,73,"Drama",4.7
29620,1934,6,15.9,12,"Animation",8
38463,2000,100,12.6,20,"Action",4.6
50701,1946,40,10.1,5,"Short",6.9
30262,1998,92,11.1,36,"Action",3.9
296,2000,105,11.2,25,"Comedy",4.7
20380,1944,95,14.5,19,"Comedy",7.8
11095,2000,84,13,629,"Action",3.9
48492,1986,120,10.2,75,"Comedy",4.1
49209,1963,97,11.6,35,"Drama",4.3
50639,2004,15,6.2,32,"Drama",3.3
56925,1936,19,14.8,7,"Comedy",8.4
28074,1982,97,12.4,10,"Drama",3.3
21519,1999,104,10.5,804,"Drama",4.8
49055,1997,97,10.7,1607,"Action",4.8
51532,2002,95,12.8,17,"Drama",2.4
31940,1992,100,7.9,503,"Comedy",4.7
29259,1951,59,17.5,12,"Action",8.3
44792,1983,103,12.6,15,"Comedy",7.5
83,1968,100,11.5,19,"Action",5.1
51854,1998,87,16.8,32,"Drama",2.8
14295,2003,13,14.2,22,"Comedy",8.1
45677,1964,86,14.9,7,"Drama",3.7
17415,1978,114,11.5,271,"Drama",2.7
42964,1990,74,8.4,1649,"Animation",4
33887,1985,100,11.5,750,"Action",3.2
39739,1990,80,16.8,19,"Animation",5.6
13573,1995,25,8.1,10,"Short",8.6
48580,1938,66,11.7,7,"Drama",2.3
54450,1992,117,9.8,2297,"Action",5.6
20109,1979,NA,7.7,42,"Action",4.4
52407,1962,129,14.6,30139,"Drama",4.9
26672,1986,77,14.1,111,"Comedy",9
26290,2004,107,16.8,51,"Action",8
7159,1947,70,9.4,23,"Action",2.5
38828,1997,97,11.7,11,"Action",5.1
39351,1999,88,5.1,14,"Drama",4.7
46356,1980,100,13,63,"Action",3.3
9092,1985,76,11.9,10,"Action",5.3
48733,1977,NA,12.8,60,"Drama",4.9
25163,1998,50,15.3,8,"Documentary",7.2
7970,1990,68,10.9,17,"Action",1.7
14136,2003,83,14.3,7,"Documentary",7.9
53858,1951,106,13.3,65,"Action",4.4
56110,1967,100,9.8,18,"Documentary",7.7
43755,1948,86,13.6,16,"Action",2.6
14555,1996,94,14.7,226,"Drama",2.6
35994,2002,6,14.4,5,"Animation",7.9
47726,1943,126,20.1,187,"Drama",2.8
29170,1966,92,10.8,42,"Comedy",7.9
26824,2001,93,17.5,59,"Action",8
15795,2001,91,14.7,17,"Action",3.8
3850,1992,74,14.1,7,"Comedy",8.3
12770,2001,98,16.2,15,"Action",8.4
12006,1995,119,12,3942,"Action",2.9
7923,1941,72,9.4,5,"Drama",2
41419,1935,75,14.6,11,"Action",3.5
19222,2002,22,13,17,"Drama",8.1
40371,1972,99,9.1,55,"Drama",2.8
12613,1934,83,13.4,12,"Comedy",8.2
56144,1952,81,13.8,22,"Drama",3.3
42430,1972,91,12.9,34,"Action",4.4
5365,1948,82,9,10,"Drama",4.2
2650,2005,85,16.5,32,"Animation",3.8
5694,1999,90,14.7,15,"Action",4.3
21487,1944,121,6.3,21,"Drama",4.9
21411,1995,101,17,3711,"Comedy",1.8
23339,1987,97,12.1,48,"Action",3.7
54822,1953,67,11.7,23,"Action",3.7
36926,1940,10,9.1,6,"Documentary",8
47033,1941,64,9,20,"Drama",5.1
5201,1989,102,13.1,5,"Drama",5.5
44340,1985,186,11.5,37,"Drama",2.1
48431,1999,73,12.3,54,"Documentary",7.9
27033,1978,37,14.7,36,"Short",7.5
23834,1981,83,12.3,8,"Action",4.3
52096,2003,104,6,106,"Documentary",4.6
52166,1987,98,11.7,9,"Action",5.1
51555,1932,79,9.6,13,"Comedy",8.2
7756,1996,107,11.4,164,"Comedy",4.4
27524,2000,10,12.8,18,"Short",7.6
38235,2000,86,10.7,12,"Action",2.7
35114,1999,124,9.5,2348,"Drama",4.2
44558,1942,43,8.9,213,"Animation",8.6
27435,1983,141,6.7,32,"Comedy",5.2
38222,2001,97,9,11,"Action",4.2
46467,1939,77,11.4,8,"Comedy",7
42220,1999,93,10.1,50,"Comedy",7.4
45472,1992,90,11.4,85,"Drama",4.7
58781,2001,13,9.9,7,"Animation",2.4
11658,1999,99,9.9,152,"Action",3.7
49875,1957,130,9.3,291,"Drama",2.6
30457,1954,76,9.3,18,"Action",4.2
38465,2001,96,12.3,46,"Action",4.8
19625,1955,67,11.6,7,"Drama",5
21604,1957,17,9.1,25,"Comedy",7.5
4304,1948,7,12,7,"Animation",8.1
1899,1942,7,6.2,9,"Animation",7.5
25284,1991,127,12.2,1246,"Drama",5
15847,1999,25,12.9,19,"Comedy",7.9
21793,2002,105,15,384,"Drama",2.7
54159,1988,171,6.5,5228,"Drama",4.8
15219,2004,200,10.8,76,"Drama",4.3
56461,2004,73,17.4,31,"Action",8.3
14651,1978,108,11.1,50,"Drama",4.9
58084,1982,114,11.8,543,"Drama",4.4
40245,2003,3,5.9,8,"Drama",5.4
33387,1934,8,9.4,9,"Animation",8
19066,1999,103,8.7,397,"Comedy",4.4
2580,1998,86,10.1,73,"Action",3.6
53379,1996,108,11.8,1030,"Comedy",3.4
36720,1958,86,11.3,22,"Drama",4.3
24959,1992,120,14.2,18,"Action",4.9
51001,1998,10,12.5,21,"Short",7.3
26798,1975,100,12.4,33,"Action",4.4
47555,1962,87,10.5,12,"Action",4.1
23768,1972,84,12.6,7,"Comedy",7.7
44016,1953,88,18.3,23,"Action",8
45542,2002,104,7.7,9481,"Comedy",4.1
10577,1967,107,12.3,17,"Action",3.6
5524,1930,17,15.4,14,"Comedy",7.9
21861,1921,131,10.6,31,"Drama",5
50039,1996,86,10.2,217,"Comedy",7.5
29507,1989,78,11.9,926,"Comedy",8.1
53141,1965,25,14.6,12,"Drama",8.1
29930,1951,91,10.1,42,"Drama",4.7
7468,1951,96,16,63,"Drama",3.7
41001,2004,3,6.8,5,"Animation",8
58046,1993,NA,10.5,544,"Action",3.7
46323,1998,90,12.1,28,"Comedy",8
17021,1979,104,7.3,12,"Drama",4.8
49114,1991,108,10.9,210,"Action",5.4
54651,1967,79,8.3,17,"Action",4.4
31823,1981,120,17.7,69,"Drama",4.4
44801,1984,127,14.1,9,"Action",3.1
5917,1938,66,11.9,6,"Action",3.6
3259,1910,16,11.3,5,"Drama",7.3
1793,1990,87,11.8,126,"Comedy",4.2
5911,1995,93,12,166,"Romance",4.3
23785,1970,90,11,42,"Action",4
158,1998,86,10.9,46,"Drama",4.7
49125,1957,88,9.8,30,"Drama",4.3
401,2000,83,13.5,12,"Action",3.9
8280,1948,111,13.1,785,"Drama",4.1
6706,1992,116,11.8,6,"Drama",4.7
25165,1941,90,9.7,308,"Comedy",4.8
49814,1941,90,14.4,2896,"Comedy",5.2
33519,1947,85,15.1,17,"Drama",2.9
17635,1979,110,13,15,"Comedy",8.6
1083,1939,58,15.1,29,"Drama",5
40661,2003,105,12.5,14,"Drama",5
8818,1959,86,10.2,259,"Comedy",4.8
29578,1976,92,14.8,9,"Drama",3.4
1594,1940,7,14.4,22,"Animation",7.3
32677,1987,132,12.4,1877,"Drama",4.8
24729,1984,91,11.1,1426,"Action",8.1
27987,1956,105,10.4,14,"Romance",4.4
38764,1987,100,8.6,18,"Action",4
5294,1932,NA,9.9,17,"Animation",3.7
31658,1968,117,14.9,215,"Action",4.5
53611,1958,98,12.7,112,"Comedy",7.3
27807,1999,23,13.9,32,"Short",7.7
44675,1997,104,9,172,"Action",4.4
18860,1943,74,8.6,550,"Action",3.6
49257,1973,86,12.2,29,"Drama",4.3
9089,1996,110,10,317,"Drama",4.2
3475,1952,85,11.2,22,"Drama",4.3
21092,1990,100,8.4,8,"Drama",3.5
2030,1979,112,11.8,249,"Drama",6
7926,1939,70,14.6,16,"Drama",4.2
16517,1997,93,7.4,9,"Action",3.7
35311,2002,92,15.2,2244,"Action",4.6
4854,1950,6,13.2,38,"Animation",8
11941,1987,113,13.5,66,"Documentary",7.8
43165,1965,92,10.4,33,"Drama",3.7
6204,1998,88,12.6,18,"Drama",3.7
1205,2000,87,14.5,6,"Drama",6.1
20917,1964,83,9.3,324,"Action",4.2
7403,1998,89,13.4,4449,"Comedy",7.3
34495,1940,100,13.4,456,"Drama",3.5
9763,1941,6,15.4,6,"Animation",8.1
16168,2003,27,11.9,6,"Comedy",8
42066,1951,7,14,175,"Animation",7.6
31465,1954,114,17.8,9,"Drama",4.8
53717,1934,91,14.5,446,"Comedy",7.6
43630,1997,105,9.3,685,"Drama",4.1
4264,1999,12,12.2,10,"Action",7.6
16356,1995,NA,14.8,12,"Action",3.7
35579,1959,73,12.2,8,"Action",3.5
34158,1984,48,13,68,"Comedy",8.1
1274,1993,139,13,6049,"Drama",3.5
38018,1968,104,12.5,32,"Comedy",8.5
44474,2000,90,11.5,31,"Drama",3.2
15568,2003,84,8.8,14,"Documentary",7.8
56652,1998,91,16.5,88,"Drama",4
20909,1933,220,9.5,7,"Action",1.8
55777,1967,NA,10,5,"Drama",5.3
20584,1987,5,7.6,24,"Animation",7.8
23187,1915,15,10.7,61,"Short",8.4
566,1977,101,9.7,14,"Comedy",4
16071,1969,97,16.2,6,"Action",8.1
10092,1999,126,18.3,18950,"Drama",3
44421,1931,73,9.8,49,"Drama",3.5
24175,1977,90,13,167,"Action",3.3
33488,1982,88,11.7,2101,"Comedy",3.3
21431,2005,10,15.2,5,"Animation",8.1
37604,1935,8,12.9,14,"Animation",7.4
6585,2003,3,11.9,5,"Short",7.8
27556,1976,90,11.3,80,"Comedy",4.2
1559,2004,175,5.3,11254,"Drama",3.4
56571,1931,18,15.3,5,"Comedy",8.5
20795,1969,91,15.4,104,"Action",1.5
27112,1999,115,10.5,610,"Comedy",6.2
52451,1986,96,13,18,"Action",6.3
54894,2002,94,13.5,7799,"Comedy",7.8
14432,1961,115,13.4,165,"Comedy",8
43524,1968,94,9.5,7,"Action",3.8
40823,1956,92,18.4,9,"Drama",2.6
12735,1977,78,15.7,15,"Action",8.6
46372,1945,56,15,13,"Action",3.7
14845,1990,112,6.8,58,"Action",3.6
28661,1995,60,6.9,7,"Documentary",3
8103,1993,89,16.4,1323,"Comedy",7.6
7029,1956,88,11.2,26,"Drama",3.5
5861,1940,94,14.2,61,"Drama",4.9
43153,1957,73,13.4,19,"Action",3.2
6675,1999,88,15.5,169,"Comedy",8
14306,1949,8,12.3,35,"Animation",8.4
12917,1988,94,16.3,7,"Action",8.2
48032,2004,98,17.5,399,"Comedy",8.1
34041,1965,103,8.9,19,"Comedy",2.9
57181,1953,30,10.5,10,"Short",8.3
10972,1968,69,4.6,15,"Action",3.3
31749,1997,98,18.4,251,"Drama",2.4
44526,2001,12,20,14,"Action",8.6
28033,1997,94,10,11,"Action",3.6
4209,1996,82,17.1,5,"Action",7.7
34910,1995,120,7.7,24,"Comedy",3.4
40010,1991,92,13.9,26,"Comedy",8.1
27452,1965,91,12.1,12,"Drama",5.3
17960,1996,101,6,1043,"Comedy",4.3
20615,1989,104,15.4,278,"Action",4.4
45318,1995,104,9.1,119,"Comedy",4.5
2939,1999,95,8.2,15,"Action",4.7
43416,1993,80,11.1,68,"Comedy",7.4
11561,1985,107,7.9,771,"Comedy",3.7
45235,1948,111,14,161,"Action",3.2
39832,1932,78,5.7,14,"Comedy",4.8
24282,1968,92,9.9,51,"Action",3.7
9823,1932,25,15.6,125,"Comedy",8.9
40894,1947,108,12.1,250,"Action",4.5
5675,1995,86,14.4,123,"Comedy",8
14019,1995,107,11.1,65,"Comedy",3.1
28174,1954,NA,13.7,26,"Comedy",7.9
32874,1977,85,14.2,41,"Action",3.7
46350,2003,74,13,31,"Drama",8.2
43515,1937,97,8,18,"Drama",4.2
27998,1931,76,14,5,"Action",4.2
38970,1978,107,11.6,401,"Drama",6.1
26392,1992,95,12.1,276,"Comedy",5.3
40660,1998,98,12,5,"Comedy",9
34308,1964,64,9.5,279,"Action",4.6
18825,1955,80,10.6,112,"Comedy",7.9
20174,1982,100,7.1,27,"Comedy",3.1
50273,1973,85,10.6,35,"Action",4.2
9983,1997,72,10.3,86,"Animation",2.7
39248,1984,22,10.4,8,"Comedy",8.2
23356,1947,17,11.7,60,"Comedy",8.2
57590,1988,102,12.6,495,"Drama",5.7
4649,2003,52,11.7,19,"Documentary",8.3
20772,2000,87,15.4,137,"Drama",4.5
6677,2000,90,13.5,80,"Drama",4.6
31209,2001,102,13.9,18,"Action",5.2
21603,1990,96,13.8,90,"Action",3.9
53755,1992,135,15.2,6927,"Drama",5.1
46419,2000,69,11.4,83,"Drama",3
57859,1968,99,9.2,57,"Drama",3.9
32925,1999,94,12,174,"Romance",4.4
20624,1976,83,6.3,18,"Action",4.8
24805,2000,97,14.4,1120,"Comedy",7.7
39593,1970,94,11,88,"Comedy",7.4
14449,1973,132,16.4,11,"Comedy",7.6
17762,1964,10,13.4,8,"Documentary",8.1
14508,1991,102,12.9,3648,"Comedy",7.6
27959,1985,85,9.5,26,"Comedy",3.1
2817,2001,108,13.2,7326,"Drama",4
1173,1975,92,13,112,"Comedy",4.2
22731,1999,85,13.5,30,"Comedy",4.3
35988,2004,NA,14.7,8,"Documentary",8.2
39560,1975,110,14,8,"Drama",2.4
40892,1961,89,12.9,48,"Action",2.4
34451,1986,NA,11.8,17,"Action",4.8
3119,1950,NA,18.5,5,"Action",8.4
23363,1985,114,15.1,281,"Comedy",8.8
30125,2004,111,8.3,1894,"Comedy",2.4
7071,1989,90,12,13,"Action",4.6
47636,1979,92,14.4,43,"Drama",3.6
52777,1926,88,10,75,"Drama",4
3110,1937,NA,12.8,5,"Action",2.6
4790,2005,104,13.8,518,"Comedy",7.5
24128,1957,79,7.6,24,"Comedy",2.9
24267,1992,45,9.2,10,"Action",7.6
42775,2000,17,13.6,8,"Action",7.7
38080,1959,143,10.3,58,"Drama",3.3
50178,1987,96,10.7,6,"Drama",4.1
8315,1943,55,5.8,16,"Action",2.1
13335,1955,7,11,61,"Animation",7.5
33471,1995,91,11,69,"Drama",4.5
45771,1968,100,10.5,11,"Drama",2.9
40692,1951,85,11.4,29,"Drama",3.3
9808,2000,45,9,7,"Action",4
42041,2001,165,11.6,250,"Drama",4.2
44301,1956,9,13.2,16,"Animation",7.5
20433,1953,115,15.1,1181,"Drama",3.3
29939,1987,90,5.4,5,"Action",3.7
6861,1939,8,11.6,19,"Animation",7.6
54130,2005,109,12.7,35,"Comedy",7.4
16819,2000,94,8.6,7380,"Drama",4.4
30037,1939,76,11.8,40,"Drama",2.9
51085,1975,74,14.9,25,"Action",4.2
14032,1994,128,18.4,7062,"Drama",3.8
19575,2002,166,11.7,34808,"Drama",4
19690,2002,83,9.7,1033,"Action",3.7
38309,2002,95,13.9,467,"Action",4.3
54246,1986,98,12.5,523,"Drama",2.8
44615,2000,97,14.3,108,"Drama",3.5
16252,1971,79,10.5,28,"Comedy",7.7
46244,2002,90,12,292,"Action",4.2
11118,1999,93,10.1,404,"Comedy",3.9
57882,1985,92,10.2,20,"Action",5.8
42403,1932,121,7.7,79,"Drama",3.3
56655,1998,94,9.4,110,"Drama",3.2
53757,2003,34,14.6,39,"Short",8.7
45858,1980,109,11.4,34,"Comedy",3.5
31938,1967,97,14.5,6,"Drama",3.5
49255,1970,90,13,17,"Drama",3.2
34825,1997,97,14.4,665,"Drama",3.3
53432,1999,90,13.2,14,"Drama",4.3
43557,1994,118,6.6,3056,"Comedy",3.4
19418,2001,15,12.8,8,"Drama",8.1
58651,1969,93,11,7,"Comedy",7.2
52578,2000,110,13.6,13,"Drama",3.7
44647,1972,90,8.9,32,"Drama",3.1
85,1968,105,14.9,21,"Drama",3.9
45219,1973,114,16.3,368,"Action",7.4
38474,2002,90,11.2,38,"Drama",3.4
50257,1996,88,8.8,119,"Action",4.8
5814,2003,19,17.5,10,"Short",8.1
20902,2004,4,11.4,53,"Animation",8.7
54842,1955,90,16.1,25,"Comedy",3.4
28065,1998,60,9.1,322,"Animation",4.9
37229,2002,9,9.3,19,"Short",7.9
27482,1984,NA,13.2,3314,"Animation",3.2
17967,1997,94,8.1,147,"Drama",4.4
43357,1949,70,14.7,21,"Action",5.3
3079,2000,18,12.9,31,"Action",8.5
14509,1937,62,12.3,12,"Comedy",7.8
37201,1958,90,13.2,20,"Comedy",8.2
57793,1993,NA,10,282,"Action",8.1
7187,1982,22,8.7,6,"Short",7.8
1070,1948,110,18,362,"Romance",4.1
41897,1978,240,14.1,64,"Action",3.6
14228,1978,88,10,35,"Action",3.9
52282,1984,110,12,9,"Drama",4.1
25382,1958,158,13.8,586,"Drama",5.1
11076,1981,103,13.9,1106,"Comedy",3.8
16549,2003,87,11.3,15,"Comedy",7.7
46022,1975,70,13.8,29,"Action",4.5
45029,2004,105,12.1,15,"Documentary",8.1
28166,1945,63,10.7,42,"Documentary",7.7
29322,1987,27,17.7,5,"Documentary",8.3
25534,1962,120,8.4,39,"Drama",3.6
33801,1978,88,15.1,19,"Action",2.8
34080,1997,90,10.5,74,"Drama",4.6
42371,1974,81,8.5,42,"Drama",4.2
8419,1998,101,12.4,8191,"Comedy",3.3
30003,2000,12,12.3,11,"Drama",8.1
32162,1985,35,10.1,23,"Short",7.9
41445,1974,103,11.1,287,"Comedy",3.1
35971,2005,27,14.3,9,"Short",7.9
43914,1995,4,7.3,5,"Animation",3.5
31174,1991,8,16,31,"Animation",8.3
36678,1948,98,6.7,6,"Drama",3.2
51112,2003,85,10.8,192,"Romance",3.8
29136,1956,98,12.6,180,"Action",5
596,2002,98,9,17,"Comedy",2.5
11567,1981,88,9.9,323,"Comedy",8
11056,1943,112,10.8,31,"Drama",4.2
47136,1975,3,8.3,11,"Animation",3.3
11504,2000,89,14.3,97,"Action",8.3
7206,1962,115,9,288,"Comedy",3.1
10160,1960,100,11,26,"Drama",3.7
15932,1960,120,13,5,"Action",3.1
37265,1965,NA,12.4,539,"Drama",2.8
17204,1980,79,7.2,12,"Action",4.1
29594,1988,120,7.4,115,"Documentary",3.7
47118,1956,103,8,14,"Drama",2.7
36059,2002,NA,17.7,268,"Action",8.8
47963,1969,90,12.8,14,"Comedy",8.5
11995,1993,109,12.2,56,"Drama",3.6
29059,1952,67,7.4,6,"Action",5
50549,1963,104,7.6,15,"Action",3.7
548,2003,119,7.4,8,"Action",2.5
50592,1959,100,14.2,6,"Drama",3.6
45034,1999,94,13.1,359,"Action",7.8
9730,1999,93,12,47,"Comedy",5.2
15358,1970,93,12.1,35,"Action",5.4
3741,1954,85,14.5,8,"Action",4.7
23368,1929,73,9.3,6,"Drama",4.6
10779,1995,100,8.3,18,"Drama",5
43312,1989,100,16.7,12,"Action",4
28631,1999,109,9.2,16,"Action",4.6
15572,2004,120,14.8,5,"Documentary",7.4
50746,1932,56,16.4,14,"Action",8.1
20446,1977,56,14.3,23,"Action",4.7
20781,1954,100,15,76,"Action",4.6
10213,2004,NA,13.5,10,"Documentary",7.7
22135,1945,8,8.3,62,"Animation",8.1
39948,1989,85,11.4,5,"Comedy",3.7
3025,2002,115,13.2,3594,"Drama",4.7
3982,1991,4,16.5,655,"Short",7.8
25811,1933,71,10,375,"Romance",4.2
55985,2002,90,9.8,150,"Comedy",4.5
40183,1994,13,11.4,6,"Comedy",7.8
39041,1998,127,12.9,4393,"Comedy",2.8
17318,1951,82,13.8,460,"Comedy",4.2
18818,2002,24,12,5,"Short",8.1
53270,1990,82,9.1,8,"Action",1.9
25567,1974,90,12.1,7,"Drama",4.4
30554,1979,85,11.4,18,"Action",4.6
12794,1994,26,7.7,16,"Short",8.2
29039,1945,19,14.5,13,"Drama",7.9
48769,1973,81,10.2,12,"Action",4.8
37367,1986,NA,16.1,27,"Comedy",8.6
35250,1991,82,6.1,37,"Comedy",1.9
23182,1915,32,11.4,128,"Comedy",7.3
27965,1969,90,11.3,17,"Drama",2.3
34895,1979,79,16,12,"Action",7.5
48617,1930,86,16.4,12,"Action",8.1
40093,1970,95,15.5,5,"Action",2.5
38369,2000,97,12.2,14,"Action",3.6
33078,2002,88,13.1,21580,"Action",8.1
1690,1979,97,12.4,60,"Action",4.9
43635,1972,80,14.3,11,"Action",2.9
57795,1982,86,14.7,242,"Action",3
36588,1973,90,8.9,42,"Drama",4.3
47348,1949,87,9.2,46,"Action",4.1
2708,1993,100,10.2,134,"Documentary",8.2
47182,1997,107,8.3,642,"Comedy",2.2
56025,1979,117,14.1,1136,"Action",4.5
28278,2003,105,9.9,20,"Action",4.4
37323,1960,129,8.8,2801,"Comedy",4.2
55856,1998,89,14,112,"Action",5
28914,1966,10,14.1,6,"Short",8.5
6587,1998,65,10.3,15,"Documentary",9
30388,1967,11,7.7,21,"Short",7.2
45600,1980,91,18.6,9,"Drama",4
21309,1981,91,14.2,1398,"Comedy",2.6
38933,2002,84,10.4,314,"Comedy",3.8
44963,2001,93,13.5,3144,"Comedy",2.5
38557,1930,83,12.5,64,"Drama",5.2
17564,1963,108,12.7,247,"Drama",6.1
2511,1984,94,17.1,343,"Action",8.5
18751,2001,95,13.7,597,"Action",4.4
19689,1963,115,9,148,"Drama",3.7
2508,1982,70,18.9,16,"Action",8.3
53659,2001,109,8.3,95,"Drama",2.2
56840,2004,15,14.8,14,"Drama",7.9
36106,1989,89,15.7,70,"Comedy",7.8
53167,1928,10,11.5,9,"Comedy",7.7
32213,1950,84,13.8,6,"Comedy",8.8
33607,1931,85,10.4,44,"Drama",2.4
24962,1943,89,5.5,24,"Action",3.4
12520,1987,91,16.1,50,"Action",8.3
30476,1940,71,15.4,6,"Action",4.6
16589,1992,90,12,236,"Animation",3.6
43817,1935,78,13.3,50,"Romance",5.4
39095,1931,73,11.3,95,"Comedy",8.3
1546,1976,118,6.6,11,"Drama",3.9
24428,1951,91,12,44,"Drama",3.5
50197,1999,85,11.8,111,"Comedy",8
4463,1985,107,12,8,"Drama",3.9
50723,1957,89,11.4,295,"Romance",4.8
34304,2004,17,11.8,17,"Short",8.4
39732,1946,91,11.2,10,"Comedy",7.8
20944,1973,86,8.8,33,"Drama",3.8
6278,1932,91,10.5,53,"Comedy",7.7
13767,1980,NA,9.4,242,"Action",7.9
27457,1967,NA,12.4,17,"Drama",5.7
36605,1951,7,6.3,32,"Animation",8
19114,1998,108,16.5,121,"Comedy",7.7
14498,1973,90,13.1,99,"Comedy",7.8
50884,1951,NA,8.7,50,"Action",4.6
4810,1948,72,9.2,9,"Drama",5.6
27901,1955,167,10.9,5,"Action",3.9
57789,1975,165,10.4,17,"Drama",2.6
55341,1999,14,14.6,117,"Short",7.5
50584,1953,81,8.9,32,"Comedy",3.4
17446,1979,90,5.5,45,"Action",4.2
16943,1943,67,10.6,41,"Drama",5
43166,1998,92,7.8,19,"Action",4
56565,1945,95,12.5,23,"Comedy",7.5
36152,1984,105,4.8,39,"Action",4.1
58384,2003,90,11.6,14,"Action",2.6
17781,1960,104,10.8,15,"Drama",4.8
12620,1962,95,9.2,299,"Drama",4.7
26251,1963,104,16.1,2408,"Action",7.8
48312,1953,7,12.5,82,"Animation",7.5
4569,1960,6,12,6,"Animation",8
13681,1971,111,11.6,976,"Drama",2.9
32250,2003,95,7.2,244,"Drama",2.8
32328,1996,127,15.3,23,"Drama",3.2
11635,1960,105,7.7,26,"Comedy",2.5
49523,1997,58,17.1,6,"Documentary",7.7
25195,1973,91,9.3,15,"Comedy",3.3
24740,1988,86,15.4,24,"Action",4.5
3817,1958,76,11.3,62,"Action",2.2
18622,2001,138,10.7,35,"Drama",3.4
53847,1955,7,11.6,34,"Animation",8
1121,1999,90,17.2,10,"Documentary",8
18555,1989,85,12,21,"Action",2.8
49750,1970,NA,13,6,"Action",2.7
5960,1998,90,13.6,57,"Action",3.4
27543,1970,90,14.3,11,"Action",3.3
29177,2004,17,10.4,17,"Drama",8.1
39992,1995,92,9.9,110,"Drama",3.5
46121,1940,285,9.7,30,"Action",3.7
42100,1975,88,13.5,361,"Action",4.2
46548,2002,91,11.1,162,"Drama",3.7
32025,1963,96,16.3,46,"Comedy",7.3
4864,2002,94,19.9,39,"Action",7.6
27545,2002,97,15.3,2955,"Drama",5.3
27272,1996,114,12.7,1491,"Drama",3.6
28307,1940,110,12.9,60,"Action",5.7
28326,2000,86,9.8,15,"Drama",4.4
7293,1985,NA,12.5,30735,"Comedy",7.8
56,2004,87,12.2,1275,"Comedy",7.7
22218,1970,100,11.8,15,"Action",3.3
54310,1961,99,13,148,"Drama",3
35662,1977,90,11.8,5,"Comedy",3.9
16096,1911,17,12.1,14,"Drama",7.3
29199,1991,84,8.9,17,"Drama",3.3
46636,1963,79,12.9,16,"Action",4.1
52157,1988,93,13.9,122,"Drama",3.4
30978,1936,77,5.7,22,"Comedy",4.2
31162,2002,90,8.1,10,"Drama",5.4
11423,1949,82,12.5,19,"Action",4.6
1606,1935,10,10.5,14,"Animation",7.4
20732,1982,92,11.8,5,"Drama",2.8
22069,1982,105,8.8,7,"Drama",2.7
51380,1941,93,11.4,80,"Action",2.1
28497,1978,NA,10.7,9,"Action",3.4
5796,1962,NA,6,2179,"Drama",3.9
14302,1999,91,13.5,8,"Action",3.7
48810,1969,100,9.6,91,"Comedy",3.8
51300,1962,72,14.5,11,"Action",2.8
19931,1964,115,10.5,346,"Drama",3.4
27887,1992,30,10.1,14,"Short",7.6
4627,1997,110,13.3,203,"Drama",4
46013,1989,100,12.5,7461,"Drama",3.5
21190,1926,53,6.6,43,"Action",5.3
623,1948,7,11.2,52,"Animation",7.6
56622,1998,112,13.1,464,"Drama",4.2
32102,1955,83,13.7,51,"Action",5.3
25672,1939,97,6.3,16,"Drama",4.1
45895,1955,90,15.1,44,"Action",3.1
1994,1973,95,14,6,"Comedy",7.5
10754,1966,100,9.6,16,"Comedy",3.4
41636,1949,111,15.4,13,"Drama",4.2
47010,1995,88,13.4,37,"Drama",3.3
25694,1978,120,10.4,19,"Comedy",3.3
359,1995,85,13.9,324,"Action",7.6
31340,2001,120,11.9,8,"Documentary",8
17725,1992,103,15,42,"Drama",4.6
13134,1985,87,9.7,10,"Action",4.5
55656,1962,110,12.1,28,"Comedy",5.1
18011,1991,137,7.2,11952,"Comedy",2.1
55436,1957,92,17.7,19,"Drama",3.4
8416,1978,107,12.4,128,"Action",3.5
35729,1942,90,10.1,5,"Action",6
30859,1999,88,14.6,56,"Comedy",3.9
43097,1987,96,9.8,449,"Action",2.7
54545,1968,91,13.8,30,"Action",3.8
19476,1987,94,8.5,7,"Action",4.3
21875,1948,94,17.7,88,"Drama",2.4
46812,1995,84,14.5,6,"Documentary",7.5
45436,1989,83,8.5,236,"Comedy",3.9
20766,1996,108,13.9,82,"Action",2.8
3215,1941,8,13.2,76,"Animation",8
26587,1997,10,12.3,28,"Drama",7.9
16986,1933,88,14.3,8,"Comedy",8.3
42443,1975,95,11.1,14,"Drama",4.1
55168,2000,93,16.6,54,"Comedy",8
8557,1931,63,8.5,14,"Comedy",3.3
50718,1908,17,15.3,5,"Comedy",8.5
36914,1937,70,11,18,"Action",3.8
14114,2001,100,13.2,8,"Drama",3.8
48759,1958,105,15.4,83,"Drama",4.3
8937,2002,82,14.6,11,"Drama",8.4
11852,1957,8,10.3,12,"Animation",8.1
26055,1977,105,12.4,2109,"Comedy",8.6
32132,1996,118,10.6,28,"Documentary",7.7
22789,1948,93,9,17,"Comedy",5.1
33058,1982,76,15.6,13,"Action",8.1
12386,1994,97,8.7,144,"Action",4.1
3642,2004,110,10,21,"Drama",4.5
46542,1947,64,8.9,10,"Drama",3.3
25109,1988,92,9.7,75,"Drama",4.1
5118,2000,72,14,62,"Documentary",7.8
33293,1963,6,8.5,10,"Animation",8
13039,1999,90,12.2,25,"Action",2.8
4219,2002,14,15.8,7,"Short",7.8
24916,1968,90,5.2,32,"Action",3.7
53549,1981,90,15,100,"Drama",5.5
6284,1950,72,13.9,31,"Comedy",7.8
28288,1989,104,16.3,11,"Action",7.2
45108,2001,80,9.4,94,"Comedy",4.3
27765,2001,80,16.7,187,"Action",8.6
57313,1936,77,10.5,48,"Drama",3.3
19954,1983,NA,14,206,"Comedy",8.3
22981,1956,89,10.5,13,"Drama",3.3
6728,1996,97,14,31,"Drama",3.3
37854,1940,68,6.3,28,"Drama",3.6
17605,1999,12,11.9,22,"Drama",7.8
11199,2000,100,10.6,384,"Drama",3.9
23148,2002,11,11.5,688,"Action",8.7
39161,1999,107,8.2,157,"Drama",4.5
34568,2001,94,16.8,7,"Drama",2.4
948,1991,6,14.6,142,"Animation",7.3
27558,1955,104,7.4,243,"Action",2.3
43895,1951,7,7.2,40,"Animation",8.4
17118,1985,93,14.7,35,"Documentary",7.7
33070,1929,19,20.1,100,"Comedy",9.2
27007,1936,232,11.4,13,"Action",3.6
39896,2002,102,10.2,654,"Action",3.4
29049,1996,101,15.2,6751,"Action",4.7
36067,1956,176,7.9,5,"Comedy",3.4
21057,1966,97,7.4,6,"Action",3.1
23242,1992,118,14.2,33,"Action",5.5
13024,1992,96,15.4,115,"Drama",3.2
45675,1995,120,19.1,36,"Comedy",8
49758,1997,102,14.3,74,"Action",4.5
6253,1985,88,12,12,"Action",3.9
23734,1947,60,11.2,21,"Action",4.1
38481,2001,45,10,7,"Documentary",7.8
6258,1932,93,8.7,426,"Drama",6.8
54601,1981,97,8.5,9,"Comedy",3.6
51860,1956,88,11.7,17,"Drama",4.8
40589,2004,52,13.5,5,"Documentary",7.9
24538,2002,100,17.7,78,"Comedy",7.6
8138,1991,80,14.8,5,"Comedy",7.7
22637,1996,13,6.6,5,"Action",7.7
35155,1976,101,12.4,27,"Action",3.5
9096,1988,75,12.7,11,"Action",4.8
14040,2001,127,7.9,1365,"Drama",3.4
12751,2004,88,14.3,135,"Comedy",8.1
50087,1983,100,15.5,6,"Comedy",8
33921,1950,90,9.7,118,"Comedy",3.3
35106,2001,10,13.7,137,"Comedy",8.4
17914,1971,101,10.7,14,"Drama",2.9
37116,1999,98,18.5,7,"Action",8
5705,1946,101,15.8,5,"Action",3.6
3321,1993,100,6.8,145,"Action",3.1
3657,1974,127,16.7,9,"Drama",3.3
32379,1938,160,14.2,255,"Drama",4
36286,2001,90,8.2,48,"Action",2.7
35750,1986,30,9.2,8,"Animation",4.8
48901,1994,118,13.4,12651,"Action",4.6
35339,1975,94,13.1,16,"Comedy",8.2
43472,1976,NA,5.7,304,"Comedy",4.7
25043,1991,89,15.5,16,"Action",8
19310,1934,7,12.8,51,"Animation",8.4
52146,1978,103,7.7,8,"Drama",4.2
13001,1976,88,11.8,7,"Documentary",7.2
8680,1932,68,9,6,"Romance",4.4
41877,1970,90,12.2,54,"Comedy",8.3
47443,1944,7,13,30,"Animation",7.6
45884,1978,86,12.8,18,"Drama",4.2
21178,1949,91,12.6,87,"Drama",4
33595,1999,103,11.5,48,"Comedy",4.3
54665,1995,106,17.3,103854,"Action",7.4
18632,1986,84,17.4,7,"Action",8
7709,2001,85,11.5,38,"Comedy",4.2
56183,1949,9,14.8,10,"Short",8
23820,1968,101,17.5,11,"Drama",3.4
7454,1996,117,9.1,66,"Action",2.9
44583,1969,92,11.1,156,"Drama",3.8
32137,1997,126,13.3,135,"Drama",3.4
54102,1936,116,12.1,40,"Drama",3
57343,1995,91,12,19,"Comedy",7.6
47931,1951,95,14.6,5,"Comedy",8.6
27279,2002,35,11.5,6,"Comedy",8.7
40679,1994,108,13.5,198,"Drama",3.6
26835,2000,10,10.4,21,"Short",8.1
20633,1933,96,9.1,556,"Action",3.6
43377,1996,90,5.2,41,"Action",5.6
41507,2001,87,13.1,188,"Drama",4.3
23394,1939,100,4.1,5,"Comedy",4.6
25219,2004,94,9.5,251,"Comedy",3.5
57537,1992,90,9.9,64,"Drama",3.6
52467,2004,16,12,7,"Drama",8.1
19390,1951,62,13,15,"Action",4.3
29028,1976,94,8.1,181,"Action",5.5
17721,1989,86,14.6,25,"Drama",3.4
42183,1990,NA,10.8,29,"Drama",4.2
3415,2001,10,13.1,24,"Short",7.8
49603,1977,NA,11.2,510,"Drama",5.8
43215,1998,58,9.1,14,"Documentary",7.9
48105,1945,113,7.4,115,"Drama",4.7
39227,1982,88,12.8,197,"Drama",4.3
45134,1995,127,13.9,391,"Drama",3.7
55823,2000,85,7.2,1003,"Drama",5.1
33422,1970,85,12.6,5,"Action",3.6
11125,1989,94,8.9,312,"Comedy",3.2
56024,1945,67,12.5,6,"Action",4.5
39635,2003,12,12.4,27,"Comedy",8.5
2446,1996,21,13.1,5,"Drama",8.1
22975,2002,115,13.2,6043,"Drama",2.8
35843,2004,NA,9.1,11,"Comedy",2.6
2473,1996,100,12.7,5,"Action",4.3
2957,1951,90,12.4,39,"Comedy",8
419,1997,102,9.3,463,"Documentary",8.2
51584,1992,45,13.8,5,"Documentary",7.4
12409,2003,90,13,643,"Comedy",8.2
28816,1998,NA,8.6,62,"Comedy",3.8
3679,2005,84,10.7,17,"Action",5.2
44331,1999,98,11,3748,"Comedy",3.1
36364,1987,102,8.9,9,"Action",4.4
10600,1989,105,16.2,15,"Drama",5
31020,1997,84,8.3,28,"Comedy",4.3
38784,1963,100,8.1,92,"Comedy",3.1
51832,1992,6,15.7,33,"Short",8.1
3789,2003,90,15.7,97,"Drama",4.3
26642,1992,NA,12.2,13,"Documentary",8.5
32497,2004,95,11.6,26,"Drama",3.9
27939,1947,NA,12.5,74,"Animation",8.3
20256,1953,69,7.4,55,"Drama",4.8
12382,1998,105,13.8,40,"Drama",3.3
47660,1972,83,11.7,421,"Animation",3.4
5554,1930,87,12.1,178,"Drama",5
1723,1955,7,10.8,31,"Animation",7.9
36098,2002,94,10.3,66,"Comedy",7.6
24994,1944,11,10.7,9,"Comedy",7.9
6559,1987,101,11.8,54,"Drama",4.3
16452,2000,217,10.9,558,"Drama",3.6
46584,2003,27,5.5,23,"Short",8.1
52511,1998,97,6.5,438,"Comedy",5.8
9546,1958,108,12.5,14,"Drama",5.2
38864,1979,NA,11.2,81,"Drama",5
750,1994,117,10.4,12,"Action",3.2
31816,1959,120,14.5,75,"Drama",3
27466,1986,90,10.1,10,"Comedy",7.6
1467,1977,144,15.2,10,"Drama",3.3
10139,1951,10,10.4,7,"Documentary",8.5
44609,1981,103,11.4,33,"Drama",5.1
21854,1961,95,14.4,5,"Drama",4.5
38522,1981,109,8,3539,"Action",3
4725,1946,88,14.4,274,"Action",3.2
45196,2002,90,9.7,99,"Action",3.6
30139,1997,91,8,17,"Comedy",3.6
33813,1996,97,8.9,35,"Action",5.2
53388,1998,10,16.9,1157,"Comedy",8
43695,1967,95,6.1,90,"Comedy",3.1
13184,1998,95,17.4,36,"Drama",4.5
30046,1968,137,16.1,5871,"Drama",4.4
44269,1989,111,12.9,25,"Action",3.9
45105,1988,88,11.4,11,"Drama",5.7
13133,1971,88,10.6,171,"Drama",3.2
13383,1996,100,8.5,203,"Comedy",4.5
52617,2004,27,13.3,34,"Drama",8.5
23696,1958,6,9.6,35,"Animation",7.8
20809,1987,119,13,13823,"Comedy",4
28678,2003,89,11.7,67,"Action",4.1
7899,1975,89,12.2,132,"Action",3.5
4766,1996,115,10.2,307,"Romance",3.2
42317,1985,178,21.2,19,"Romance",2.5
52872,1928,14,16.4,14,"Documentary",7.4
29381,2001,15,17.9,36,"Short",8.3
31659,1978,107,10.8,13,"Drama",4.1
18207,1979,105,7.3,206,"Action",3.1
31947,1959,83,10.7,53,"Drama",4.1
56058,1963,81,12.9,6,"Action",3.7
51762,2003,88,11.3,48,"Comedy",5
27652,1952,55,9.4,6,"Action",4.6
2396,1987,125,11.8,7,"Action",3
11930,2001,70,14.2,11,"Action",5.7
55569,1990,118,11,12,"Drama",2.4
48346,1996,95,17.1,113,"Action",8.2
18717,1957,85,8.8,16,"Drama",4.3
38401,1923,65,12.3,880,"Comedy",7.8
36792,1974,80,16.4,23,"Action",7.6
42227,2000,78,16.4,25,"Action",8.5
5257,1945,82,10.2,34,"Action",3.1
34706,2000,NA,11,6,"Documentary",7.7
45540,2000,107,10.9,187,"Drama",4.1
41575,1992,104,13,233,"Action",3.7
42834,1977,120,11.3,13,"Drama",4.7
31875,1998,83,9.9,39,"Action",3.4
32190,2000,113,10.9,39,"Drama",4.8
19569,1963,100,9.8,8,"Drama",3
16159,1985,110,12.5,6,"Action",2.6
17242,1949,7,12.2,112,"Animation",7.5
48453,1946,90,13.1,25,"Comedy",7.9
57528,2000,92,10.5,2094,"Comedy",3.5
49105,1987,89,17,964,"Action",7.9
41787,1990,93,13.1,156,"Drama",2.7
27501,1939,81,14.7,5,"Drama",3.9
20887,1934,10,11.9,6,"Comedy",7.8
13032,2004,NA,14.4,152,"Documentary",7.7
23694,1969,91,10.7,94,"Comedy",8
41610,1953,98,10.4,18,"Comedy",7.8
12952,2004,105,11.9,880,"Drama",4
54933,1983,100,14.5,31,"Action",3.7
50596,1953,101,9.4,129,"Comedy",2.6
56691,1999,10,14,70,"Animation",3.8
40443,1999,82,13.4,77,"Action",3.8
25519,2004,14,9.7,16,"Short",8.5
35071,1963,115,12.1,158,"Drama",5.3
16837,1997,96,14.7,13,"Comedy",8.3
55346,1994,90,8.9,188,"Documentary",8.6
25992,1976,105,11.4,9,"Drama",3.5
51050,1976,67,9.7,17,"Action",4
40811,1939,7,12.3,9,"Animation",7.7
45005,1995,95,13.3,81,"Action",4
18482,1935,7,16.9,21,"Animation",7.9
29946,1998,97,13.6,387,"Drama",3.8
36621,1970,96,15.2,82,"Drama",3.7
21725,1995,107,12.8,10520,"Action",3.9
3036,1991,96,15,10,"Action",3.4
41425,1968,93,10,7,"Comedy",7.5
34748,1962,116,13.8,577,"Comedy",7.9
19873,1953,91,14.2,2451,"Comedy",3.8
13250,1991,88,14.6,242,"Action",3.8
3082,1928,195,12.7,23,"Action",4.4
4692,1979,118,11.4,238,"Action",2.7
28299,1970,53,7.6,26,"Comedy",4.1
36278,1988,85,9,362,"Comedy",4.1
36007,2001,98,13.7,309,"Comedy",4.2
3576,1958,106,9.1,10,"Drama",4.2
41221,2000,86,16.8,13,"Drama",3.4
82,1971,96,10.6,5,"Drama",5.1
25874,1963,105,7,257,"Action",4.1
15742,1976,NA,16,25,"Drama",4.5
56831,1945,62,11.5,11,"Action",3.8
48002,1972,99,12.6,24,"Drama",4.3
11974,1964,81,11.3,170,"Action",5
52658,1949,99,17.4,110,"Drama",3.9
54054,2002,92,11.8,60,"Drama",5.1
16831,1947,60,10.4,6,"Action",4.4
6977,1999,90,9,14,"Documentary",8.1
2830,1973,82,12.2,9,"Comedy",8.2
23483,1977,88,17.5,5,"Documentary",7.9
458,1968,105,16.4,457,"Action",7.9
26435,1967,90,18,21,"Comedy",7.8
53970,1999,14,10.3,12,"Documentary",7.4
16586,1990,95,12.8,16,"Action",5.8
5954,1932,72,9.5,5,"Comedy",3.2
18568,1989,86,10.4,97,"Drama",4.9
45555,1970,91,15.9,19,"Action",7.5
50976,2001,85,8.9,26,"Drama",4.6
35926,1991,104,8.9,23,"Drama",3.5
39188,1955,102,9.8,20,"Drama",3.3
17048,1987,86,12.1,285,"Drama",3.3
28845,1993,NA,11.3,372,"Drama",4.2
47733,1953,101,6.9,19,"Action",5
5726,1982,93,10.2,13,"Action",5.1
50832,2001,70,14.5,48,"Drama",3.6
33163,2002,91,13.1,104,"Comedy",7.4
2071,1915,11,11.4,8,"Comedy",8.2
26685,1947,96,13.7,70,"Drama",5.3
31648,1973,94,11.4,405,"Comedy",8.8
1649,1994,8,12.2,23,"Short",7.9
8453,1944,75,11.2,11,"Action",4.8
38549,1950,80,8,6,"Drama",2.6
19306,1997,108,10.1,2827,"Drama",5.4
26894,2000,89,12.9,55,"Drama",3.8
1540,1938,92,14.1,28,"Comedy",8
18100,1935,72,12.9,15,"Drama",4.5
12066,1956,106,14,179,"Action",5.3
47903,2000,80,8,8,"Action",5
50390,1948,80,18.6,14,"Action",7.7
54960,1958,95,10.6,29,"Comedy",7.9
26438,2001,7,14.7,13,"Animation",3.1
56423,1951,86,10.8,50,"Drama",5.5
46312,1999,39,9.1,40,"Documentary",7.7
37674,1972,99,14.9,96,"Comedy",8.2
27620,1968,NA,10.8,8,"Action",4.4
22682,1968,75,11.3,8,"Drama",5.8
38758,1985,90,15.1,18,"Action",4
13045,2005,74,6.2,249,"Comedy",4.1
30668,1922,70,7.7,39,"Drama",5.1
50164,1984,NA,14.4,12,"Drama",5.1
23420,1932,20,10.5,15,"Comedy",8.2
825,1983,88,11.3,22,"Comedy",7.2
46877,1993,11,6.7,12,"Short",8.2
5443,2001,90,11.1,7,"Action",2.9
15344,1980,101,20,50,"Drama",3.2
46772,1986,NA,12.8,19,"Drama",4
49211,2002,91,9.4,801,"Drama",3.7
55325,1991,95,12.3,74,"Comedy",8.2
46401,2004,118,16,8700,"Action",3.7
55251,2004,16,10.4,5,"Short",7.7
30867,1993,93,12.4,31,"Drama",4
1753,1979,NA,10,3895,"Drama",4.6
8932,1980,82,12.5,7,"Comedy",8.3
23883,1924,60,12.5,151,"Comedy",8.2
26375,1946,139,13,11,"Action",3
43017,1980,94,10.5,16,"Action",8.5
9137,1983,NA,10.4,6,"Action",4
54362,2004,130,6.7,17,"Action",3.6
9068,1981,97,12.3,110,"Action",4.8
23018,2002,10,15.8,7,"Comedy",7.3
19986,1994,94,10.2,169,"Comedy",2.3
12349,1935,79,13.1,268,"Drama",4.5
18210,1941,8,7.8,19,"Comedy",8.7
25433,2002,97,14.7,13,"Action",3.8
46280,1954,89,13.7,62,"Comedy",4.9
21083,1989,90,18.1,74,"Action",8.7
52656,1977,85,14.4,27,"Action",3.7
27213,1936,97,11.5,14,"Action",2.9
44517,2003,127,11.5,1139,"Drama",5.5
14582,1997,94,9,67,"Action",2.9
57910,1997,NA,14.2,117,"Drama",2.8
47702,2004,88,10.3,16,"Action",4.1
22334,1998,NA,11.9,15,"Drama",5.2
5387,1989,94,13.9,51,"Action",3.2
6063,1952,242,14.2,22,"Action",5.5
40431,2004,55,13.3,5,"Comedy",7.9
2073,1990,91,11.9,427,"Action",3.8
52563,1944,7,16.9,42,"Animation",7.9
2590,2000,110,13.3,28,"Action",5
19560,1976,82,17.6,6,"Action",8.2
57727,1984,NA,9.7,11,"Action",4.4
43703,1940,17,10.9,49,"Comedy",8.2
19605,1996,30,9.8,27,"Comedy",8.1
43456,2000,110,10.3,14,"Drama",3.9
52415,1992,92,6.7,53,"Action",4.1
54467,2002,50,12.4,224,"Documentary",8.3
2263,1992,95,11.7,109,"Comedy",7.4
52927,1984,85,11.7,127,"Action",4.3
19509,1940,54,12.5,15,"Action",4
4875,2003,10,12.1,7,"Short",8.4
35444,1993,90,13.8,76,"Comedy",3.6
4601,1955,30,8.9,47,"Documentary",7.9
44170,2002,116,9.9,610,"Action",5.1
14625,1981,84,13.8,101,"Action",5.7
51005,1944,96,7.5,8,"Action",2.3
29238,1965,91,11,65,"Comedy",8.3
381,2000,105,12.9,14,"Action",4.1
44476,2002,82,12.4,33,"Drama",4.5
2291,1978,97,13.3,10,"Comedy",7.4
45999,1992,85,9.4,16,"Action",4.3
3071,2002,20,14.2,9,"Short",7.4
1219,1984,26,9.6,121,"Drama",8.1
38619,2003,NA,16.4,7,"Drama",7.8
11586,2003,115,10.2,11,"Action",4.9
39267,1965,9,15.1,21,"Documentary",7.1
55323,1965,94,10.4,23,"Drama",4.5
39956,1933,76,13.7,6,"Action",4.4
7757,1996,122,8.5,110,"Comedy",3.5
55847,2001,75,15.5,7,"Documentary",7.6
9791,1986,119,8.4,2797,"Drama",6.6
30586,1999,30,12.6,19,"Short",7.7
38274,1968,NA,12.2,6,"Action",4.8
6403,1991,86,8.4,30,"Action",5.3
46689,1991,85,13.5,6,"Action",4.4
9502,1946,86,8.9,53,"Action",4.5
18532,1977,85,13.7,148,"Drama",3.6
25610,1997,93,8.9,134,"Action",3.6
26588,2003,9,11.1,8,"Animation",4.4
31807,1968,96,14,6,"Action",3.7
19615,1999,100,17.2,14,"Action",7.3
6347,1999,90,11,20,"Comedy",2.7
53633,1953,92,15.1,37,"Comedy",8.2
34200,1997,97,10.2,2720,"Action",8.3
8198,2002,101,10.8,32,"Drama",4.2
55509,1996,84,11.3,57,"Drama",4.2
12333,1935,65,9.7,5,"Action",4.1
22499,1943,95,14,79,"Comedy",7.8
50936,1944,81,11.6,21,"Comedy",7.9
39333,1958,91,15.3,65,"Comedy",8.2
51916,1938,18,11.7,53,"Comedy",8.4
20378,1940,62,14.2,7,"Comedy",8.5
48715,1958,89,14.8,88,"Comedy",7.5
39672,1960,7,12.2,27,"Animation",7.9
45714,2000,122,12.1,7,"Drama",4.4
1131,1957,77,12.8,18,"Action",4.5
55676,1956,113,7.4,105,"Drama",4.1
58342,2003,NA,14.1,32,"Action",4.1
10799,1989,85,11.4,13,"Action",5.1
21800,1957,63,8.6,32,"Action",3.6
24835,1962,102,14.5,140,"Comedy",8.2
34131,1995,89,5.4,62,"Action",3.6
29462,1976,105,9.8,9,"Action",5.3
4082,1952,118,6,1358,"Drama",5.1
40317,1928,NA,12.2,60,"Animation",7.9
45780,2001,5,13.7,8,"Short",7.7
54497,1929,86,13.9,47,"Drama",5
33239,1978,108,16.2,83,"Drama",4.3
31468,1991,140,10.5,357,"Drama",3.2
58325,1966,30,13.6,17,"Drama",8.2
24513,1933,90,13.7,24,"Drama",4.4
29905,1992,103,13.3,742,"Drama",3.4
53000,1940,75,10.5,9,"Comedy",7.6
24802,2002,110,15.4,129,"Drama",4.9
42524,1973,120,13.4,42,"Action",7.5
14476,1994,76,15.9,5,"Comedy",7.6
33113,1986,NA,18.7,40,"Action",8.4
7634,1935,70,17.8,18,"Action",8.5
47540,1936,58,8.4,26,"Comedy",4.3
38116,1934,85,12,49,"Drama",4
34323,1969,122,11.4,270,"Comedy",8
56290,1952,86,6.3,155,"Comedy",4
8250,1946,97,7.7,67,"Action",4.4
28804,1992,NA,10.4,14,"Drama",4.8
51205,1965,NA,8.5,6,"Documentary",3.1
26852,2000,104,12.9,24,"Romance",3.8
50096,1984,100,14.4,61,"Action",4.3
51146,1942,102,13.3,37,"Drama",3.1
34446,1984,126,13.8,9,"Action",2.9
3346,1979,96,13.1,14,"Action",4.9
26996,1967,78,9.3,9027,"Animation",5.4
13009,1934,79,11.7,263,"Romance",2.6
44356,1996,99,11,272,"Action",3.8
26433,1975,112,10.5,32,"Drama",3.4
14718,1929,20,12.9,60,"Comedy",7.9
6568,2000,10,5.9,11,"Short",8.5
5572,1985,60,13.2,5,"Action",4.6
51217,2002,19,9.7,17,"Short",8
16800,1999,101,7.4,7,"Drama",3.9
34826,1993,125,11,19744,"Comedy",3.2
29209,1992,5,12.4,15,"Animation",8
27382,1995,75,12.5,12,"Action",1.6
39943,1992,20,10.5,7,"Short",7.3
14629,2002,78,12.8,8,"Drama",2.6
13827,1985,88,15.4,114,"Comedy",7.9
19219,2002,4,10.8,8,"Comedy",8.9
39091,2003,5,13.3,49,"Animation",8.5
28018,1947,98,11.4,532,"Drama",3.1
40985,1978,102,13.3,57,"Drama",2.8
20812,2001,86,9.9,72,"Action",3.8
31313,2000,93,7.9,196,"Comedy",4.1
25651,1989,79,14.5,5,"Action",2.9
12406,1990,105,14.7,11,"Drama",4.6
2193,1940,11,10.9,11,"Short",7.7
34247,1957,77,18.7,254,"Action",8.3
57175,1971,95,9.7,373,"Action",3.8
41918,1933,97,12.4,727,"Drama",3.3
43511,1963,85,8.3,125,"Comedy",3.3
933,1952,82,14.4,27,"Comedy",7.6
48408,1997,96,11.5,196,"Action",5.4
32469,1989,110,14.1,283,"Comedy",7.9
7654,2002,118,9.1,159,"Drama",4.3
34933,2002,93,15.6,27,"Comedy",7.5
37279,1942,80,12.7,28,"Comedy",8.2
11882,2002,4,15.8,16,"Animation",7
57199,2004,95,11.3,2933,"Comedy",5.8
12192,2001,87,15.2,1429,"Action",8.3
24884,1969,84,11.6,5,"Drama",3.3
7456,1961,110,19.2,5,"Drama",4.7
29391,1997,93,19.8,23,"Action",6.8
40915,2004,104,11.1,28,"Drama",3.2
51645,1937,95,9.9,171,"Drama",4.1
57060,1983,95,13.9,30,"Drama",3.6
26924,1998,88,12.2,12,"Action",4.1
35150,1973,92,11.5,94,"Action",3.2
7558,1959,6,9.3,69,"Animation",7.2
41552,1988,NA,11.9,7,"Action",5.9
57455,1995,100,9,5,"Action",3.5
29512,1998,100,12.8,163,"Documentary",7.8
41865,1927,80,14.7,13,"Comedy",3
6540,1971,99,12.5,53,"Documentary",7.9
23606,1998,88,9.6,20,"Documentary",8
7726,1966,89,10.9,31,"Action",3
43507,1964,95,9.4,7,"Action",5.5
8812,1976,89,15.3,218,"Comedy",8
4086,1953,83,12.1,17,"Drama",3.1
38791,2003,90,9.2,32,"Drama",4.1
27891,1983,109,13.4,6189,"Comedy",3.7
9514,2004,21,12.2,11,"Drama",8.3
52705,1957,100,8.2,45,"Comedy",3.7
10275,2000,115,11.1,1710,"Romance",4
38899,1992,90,9.9,44,"Comedy",8.2
28948,1997,99,9.1,146,"Action",3.7
7826,1938,NA,10.4,8,"Animation",7.5
12532,1996,88,15.2,75,"Action",8.5
13102,1948,75,11.9,10,"Drama",4.3
53038,1990,90,15.7,12,"Action",3.2
27250,1963,105,6.3,17,"Drama",3.9
11343,1948,77,16.2,20,"Comedy",3.4
31759,1935,7,12.8,25,"Animation",8.5
56079,1989,116,13.1,7714,"Comedy",4.6
24910,1976,93,13.9,248,"Action",4.2
1268,1979,105,6.3,383,"Drama",4.6
10895,1998,15,8.6,14,"Comedy",8.2
1551,2003,96,13.2,2176,"Comedy",3.2
29402,1979,83,20.6,9,"Action",8.3
17524,1995,94,15.9,10,"Drama",3.3
14736,1930,81,8.7,49,"Comedy",3.9
13225,1931,8,11.1,10,"Animation",7.5
7200,1981,80,13.5,7,"Action",2.9
27553,1933,73,18.9,284,"Action",8
23269,1943,84,9.2,57,"Action",4.8
55516,1995,106,11,4183,"Action",2.9
19903,1989,89,14.2,30,"Drama",4.1
34866,1999,169,13.6,27,"Action",4.8
25397,2004,26,12,6,"Documentary",7.5
34089,1983,88,12.6,5,"Drama",4.1
29252,1974,99,15.8,46,"Comedy",8.4
39501,1982,108,13.4,48,"Drama",5
54644,1962,NA,9.6,5,"Action",3.3
33854,1932,66,21,32,"Comedy",8.1
56443,1971,NA,13.9,19,"Comedy",7.7
25417,1963,105,11.7,6,"Drama",3.2
43806,1930,65,13,36,"Animation",4.5
45312,1979,98,12,641,"Drama",2.7
5423,1977,142,3.2,36,"Drama",4.3
15834,1954,90,14.5,39,"Action",4.9
43392,1964,107,8.9,175,"Action",4.5
26540,1973,119,12.5,31,"Action",4
4184,1981,95,18.7,232,"Comedy",8
28262,1996,107,17.4,583,"Comedy",3.5
29566,1932,9,11.3,8,"Animation",3.9
46381,1945,69,11.1,302,"Action",4
58134,1985,11,7.2,40,"Drama",8.5
6790,1990,125,8.4,4151,"Comedy",3.5
9862,2001,15,15.2,7,"Short",7.7
26346,2002,62,13,11,"Documentary",7.9
26264,1983,99,10.3,5028,"Action",4.1
4193,2003,98,11.1,11,"Documentary",7.7
33138,1982,86,11,10,"Drama",3
35159,1952,77,12.8,23,"Action",4.7
25304,1938,95,11.9,10,"Action",3
10438,2000,6,12.8,9,"Animation",8.2
20488,1961,103,13.5,45,"Drama",5.3
23086,1969,84,9.1,22,"Comedy",5.8
38398,1997,123,13.7,16,"Action",4.1
172,1960,85,15.3,578,"Action",5.1
23562,1982,106,10.8,9,"Comedy",8
27105,1999,102,11.7,280,"Comedy",4.4
23354,1938,79,16,25,"Comedy",7.7
24386,1960,6,16.2,64,"Animation",8.4
55376,1931,70,12.9,12,"Drama",3.3
8055,1991,91,12.1,339,"Drama",4
58301,1994,93,10.5,410,"Comedy",8
32269,1993,88,8.7,5,"Action",3.7
17662,2000,91,14.9,53,"Documentary",8.2
38684,2003,95,14,197,"Action",4.3
1616,1935,72,12.1,67,"Comedy",7.5
51127,2003,114,10.1,557,"Drama",2.8
1143,1980,107,10.6,17,"Action",3.7
11542,1990,NA,15,885,"Comedy",7.7
15163,1942,7,16,38,"Animation",8.2
46740,2000,23,11.8,11,"Short",7.4
32915,1941,122,9.3,1783,"Comedy",4.4
38139,2002,9,15.5,7,"Short",8.4
46829,1989,90,11,146,"Drama",3.3
31218,1967,90,10.4,10,"Comedy",8.3
1726,1961,100,13.1,50,"Comedy",7.6
31129,1947,85,15.3,5,"Action",4.7
33844,1949,87,12.9,53,"Comedy",7.4
43224,1931,83,5.2,423,"Comedy",4.4
5687,1979,108,9.3,16,"Drama",5.9
43780,1999,88,13.5,123,"Drama",4.2
54657,2002,40,16.1,10,"Short",7.8
5832,1972,90,11.7,47,"Drama",3.5
18174,1964,87,12.6,70,"Action",5
12605,1998,83,11.5,66,"Drama",4.8
36419,1980,97,10.5,77,"Action",4.6
36178,1998,108,13.8,2867,"Action",8.8
21902,1966,88,10.6,10,"Action",1.8
51970,1999,98,7.8,5719,"Comedy",4
31932,1947,96,10.5,81,"Drama",5.1
36132,2000,90,15.5,61,"Drama",4.2
53887,1956,71,6.9,23,"Action",3.6
45694,1995,107,12.7,16,"Drama",3
13984,1998,9,16.5,39,"Animation",8.8
30638,2003,9,8.7,10,"Comedy",8.6
1786,2001,105,9.2,353,"Action",3.6
42209,1999,104,11,3280,"Action",2.6
56220,1988,97,14.7,763,"Action",5.7
8046,2000,13,13.3,13,"Short",7.7
21198,1939,72,13.2,93,"Drama",3.9
19227,1982,96,11.9,21,"Action",5.6
31845,2002,88,14.2,23,"Comedy",8.3
48343,2000,80,13.7,76,"Action",4
33688,2003,16,11.4,19,"Drama",7.3
38854,1962,93,10.9,240,"Action",4.1
39717,1989,103,11,5718,"Action",4.3
28820,2000,98,15.4,223,"Drama",2.9
14986,1972,45,13.1,5,"Action",2.6
16824,1965,112,8.7,39,"Action",4
45103,1962,NA,12,222,"Action",4.1
9167,1981,110,7.7,11,"Action",3.9
41696,2003,114,10.3,273,"Comedy",3.2
45755,1994,NA,11.6,66,"Drama",4.3
39057,1953,151,9.2,8,"Drama",4.7
10610,1971,99,14.2,343,"Comedy",7.8
27243,1983,97,16.7,41,"Drama",3.6
20112,1956,201,10.7,4210,"Drama",3.6
18853,1958,83,13.7,84,"Action",5.1
53490,2002,104,7.5,2417,"Action",6.2
5244,1971,89,10.3,93,"Action",4.7
36629,1976,112,7.1,209,"Comedy",3.8
34501,1971,98,9.6,11,"Action",2.4
46039,1996,80,12,55,"Drama",4
5701,2003,87,11.6,81,"Action",7.7
24907,1969,103,10.4,438,"Action",2.2
23658,1995,120,14.2,142,"Drama",4.6
28120,1956,98,11.4,5,"Action",3.1
36600,1954,91,13.4,12,"Action",2.7
49056,1941,67,6.9,18,"Drama",3.1
29703,1973,92,15.3,7,"Action",3.1
5767,1999,59,12.6,6,"Action",3.4
47750,1946,11,11,16,"Comedy",8.1
46702,2002,NA,20.3,7,"Drama",8
6997,1937,10,13.1,5,"Short",7.8
7815,1929,90,8.4,91,"Action",3.8
9330,1995,100,15.5,14,"Documentary",8.3
34964,1942,71,12.6,189,"Action",5.2
56878,1932,67,9.8,627,"Action",3.8
15574,1949,112,5.8,140,"Drama",2.8
21900,1962,58,13.2,37,"Action",3.8
53370,1994,76,13.8,147,"Animation",3.9
44863,1974,88,16.3,201,"Action",5.7
19113,1972,91,10.4,720,"Drama",4.3
33087,1941,106,12.3,111,"Drama",4.3
58135,1954,89,11,18,"Comedy",7.8
11008,1967,6,16.8,8,"Animation",8.1
28921,2002,97,10.8,1503,"Drama",3.6
2514,1961,97,9.9,40,"Drama",2.7
3893,1934,76,12.9,98,"Comedy",4.4
16385,1972,86,9.8,8,"Documentary",7.8
14791,2003,101,15.1,7426,"Comedy",3.1
43466,1977,89,10.8,59,"Action",2.8
13890,2002,63,12.9,30,"Comedy",7.4
9334,1980,85,10.5,11,"Action",3.9
54508,2004,156,16.5,8039,"Drama",4.6
2057,2004,NA,13.8,28,"Action",7.5
1401,1993,91,14.9,1047,"Comedy",7.9
13307,1990,103,16.7,67,"Drama",3.4
44995,2000,80,6.6,21,"Drama",2.2
51276,1997,90,11.7,82,"Drama",3.7
53851,1993,85,9.1,55,"Action",2.6
37386,1957,87,14.6,31,"Drama",2.7
920,1988,96,12.7,1743,"Action",7.7
21406,1976,NA,13.7,15,"Drama",5
6310,1963,58,10.2,515,"Action",2.4
51867,1978,93,13.5,9,"Comedy",7.9
51811,2000,97,12.8,623,"Comedy",4.5
39776,1994,104,17.5,59,"Drama",3.7
135,1959,75,12.7,59,"Animation",3.4
4668,1982,91,8.2,148,"Comedy",3.2
23894,1997,1,10,6,"Short",8.5
6566,1955,16,8.6,45,"Comedy",7.9
28269,1997,87,14.5,34,"Action",3.9
79,2005,95,13.1,9,"Drama",5.1
27195,1972,316,12.2,125,"Drama",5.7
8571,1940,65,5.9,12,"Comedy",3.3
43746,1998,10,12.5,6,"Short",8.6
12799,1944,64,14.2,29,"Action",3.6
23501,1997,102,12.6,3531,"Comedy",8.3
22871,1992,95,8.5,49,"Drama",3.4
31742,1937,91,13,194,"Drama",5.3
26285,1997,99,15,30,"Action",4.1
40473,1940,18,7.3,140,"Comedy",7.9
40557,1991,NA,13.3,10,"Action",3.2
26881,2001,105,13.4,106,"Drama",4.1
34251,1996,106,12.8,121,"Comedy",8.3
5514,1948,103,18.8,36,"Drama",3.2
34193,1999,109,11,16,"Drama",3.7
50249,1995,90,7.9,95,"Action",4.2
54464,1991,60,13.2,11,"Action",3.6
30584,1965,10,8.8,15,"Documentary",7.9
48061,1993,93,10.3,704,"Comedy",7.7
7246,1983,96,11,89,"Drama",4
58345,2004,160,12.1,190,"Drama",3.3
16709,1985,109,12.9,1830,"Action",3
48089,1944,107,10,31,"Drama",3.1
30425,1990,92,11,15,"Action",3.2
44524,2000,79,10.3,62,"Drama",2.8
35569,1948,96,7.6,556,"Drama",3.7
52623,1919,50,16.2,12,"Drama",5
43084,1977,85,17.3,98,"Drama",3.4
22513,1986,15,15.8,66,"Short",7.4
15761,2001,95,11.9,24,"Comedy",7.6
9879,1947,7,13.9,81,"Animation",8.2
44132,1999,90,12.1,5,"Action",3.3
18456,1990,104,13.8,50,"Drama",3.5
28606,2005,80,10.4,33,"Comedy",7.5
55778,2003,NA,9.3,2121,"Drama",5.2
14741,1970,90,14.2,8,"Action",4.7
57914,2002,19,7,13,"Short",8.4
10698,1968,93,13.3,30,"Action",3.6
31871,1969,NA,12.3,11,"Drama",4
9756,1992,89,10.9,424,"Action",3.9
54580,1958,83,12,29,"Comedy",8.3
3517,1983,110,13.5,41,"Comedy",8
39774,1944,92,12.3,6,"Romance",3.9
49751,2001,75,10.8,11,"Comedy",7.9
58584,1999,87,4.2,15,"Drama",3
53322,1950,67,16.2,31,"Comedy",7.7
37094,1975,NA,14.1,12,"Short",8.1
58490,1939,74,14,46,"Comedy",8.2
37227,2001,110,12.6,186,"Drama",3.8
6437,1929,10,18.2,14,"Documentary",7.7
5110,1993,91,7.4,148,"Action",5.1
47644,1957,NA,11.2,53,"Animation",3.9
14238,1965,200,18.9,10283,"Drama",3.7
31683,1970,110,10.4,14,"Drama",4
33645,1975,80,16.5,33,"Action",7
55995,1963,112,8.9,11,"Drama",5.8
29303,1999,NA,12.4,13,"Animation",7.3
10209,2000,NA,4.3,7,"Comedy",4.8
18911,1961,101,14.2,6,"Action",4.3
3723,1970,135,12.9,165,"Action",3.3
56379,2000,113,9.5,1742,"Action",4.4
23290,1995,106,9.6,7,"Drama",4.6
14992,1977,95,15.2,10,"Comedy",8.6
35413,1933,220,19.8,11,"Action",8.2
10727,1951,113,14,70,"Drama",4.2
58031,1996,79,11.5,147,"Action",3.5
42023,2004,100,16.2,116,"Drama",4.1
31457,1963,7,9.5,61,"Animation",8
26119,1975,121,11.1,92,"Drama",3.4
39242,2000,101,8.9,838,"Drama",4.9
53917,1999,NA,12.1,15,"Drama",5.1
18430,1977,139,13,8,"Drama",3.4
18872,1991,118,20.1,3946,"Comedy",4.2
25299,1964,84,11.1,23,"Drama",3.8
9767,1910,16,8.6,6,"Drama",7.6
51609,1940,95,10.7,667,"Drama",3.4
37252,1998,106,11.2,119,"Comedy",4.4
15526,1933,10,13.3,7,"Short",8.1
15817,1989,95,9.3,5,"Drama",5
15428,1964,85,14,16,"Drama",6.5
13437,2002,112,9.8,48,"Action",1.6
53832,2002,8,14.2,6,"Comedy",8.3
45828,1997,104,7.2,368,"Drama",4.1
30239,1952,7,9.1,25,"Animation",8.6
15515,1979,97,13.4,34,"Action",4.2
4996,2002,102,12.4,98,"Drama",3.8
26016,1976,NA,14.4,53,"Action",2.2
6011,1995,37,12.2,13,"Short",8.3
41894,1974,97,13.7,6,"Drama",3.8
23089,1956,80,13.8,39,"Action",4.9
45906,1944,64,16.5,9,"Action",6.6
9647,1990,99,15.6,6,"Drama",3.5
11949,1939,7,12.3,10,"Animation",8.2
3559,1935,8,11.9,7,"Short",8.5
27848,1992,111,15.5,52,"Drama",5
20940,1998,63,15.7,7,"Documentary",8.4
43797,1997,80,11.7,20,"Action",4.3
24477,2004,80,15.4,16,"Documentary",7.3
3939,1946,88,11.6,16,"Comedy",3.7
49772,1938,NA,11.8,69,"Drama",3.3
6203,1971,105,10.5,54,"Action",4.5
506,2002,94,13.2,33,"Documentary",7.7
4436,1997,79,17.3,37,"Comedy",7.6
18394,1994,90,15.8,10,"Comedy",7.9
45596,1996,120,14.2,8,"Action",3.6
53780,1996,14,12.3,9,"Comedy",7.1
22619,1968,95,14.2,50,"Drama",3.3
31559,1989,90,9.6,26,"Action",4.4
39378,1944,3,11.5,5,"Animation",4
1884,2000,162,13.3,38648,"Comedy",3.8
33769,1951,98,12.6,5,"Action",3.1
52015,1942,78,10.9,19,"Drama",3.4
45809,1998,100,10.6,11,"Documentary",7.9
42169,1977,NA,9,32,"Action",3.8
9435,1980,94,11,12,"Action",5
32467,1976,102,10.5,188,"Drama",2.9
3962,1957,79,15.2,9,"Action",4.8
6778,1948,7,9.5,10,"Animation",8.6
44430,1958,80,13.5,12,"Action",3.1
28000,1955,104,12.9,1836,"Action",2.5
18001,1943,7,13.6,5,"Animation",7.8
6872,1999,110,6,17935,"Action",4.4
9332,1937,NA,14.3,10,"Comedy",8.3
37687,1998,76,9.2,24,"Action",4.3
49481,2002,97,8.7,24,"Drama",4.3
28056,2005,NA,17.8,7,"Drama",4
17900,1934,77,9.2,9,"Action",4.2
23913,1951,96,12.2,32,"Comedy",7.5
3035,2004,30,7.4,10,"Short",8
7441,1991,80,13.7,668,"Documentary",7.7
21232,1903,12,11,849,"Action",7.9
7467,1923,80,11.4,7,"Drama",4.5
31195,1987,88,8.4,23,"Drama",5.9
4783,1954,89,13.2,8,"Drama",5.5
22461,1996,50,11.9,29,"Action",4.2
28320,1960,67,12.9,25,"Action",6
37593,1997,88,9.7,16,"Action",4.1
3260,1998,7,3.7,9,"Short",7.9
54455,1997,95,11.6,148,"Documentary",8.6
12529,1960,124,14,209,"Drama",4.8
42711,1931,77,16.4,22,"Comedy",7.5
40793,1939,7,12.1,13,"Animation",7.2
36986,1963,10,9.7,5,"Short",7.4
323,2002,90,10.5,8,"Action",4.4
13125,1999,105,14.6,17666,"Action",7.4
41047,1958,7,15.9,27,"Animation",8
4544,1896,1,8.8,73,"Documentary",8.5
14262,2001,85,12,88,"Drama",5.1
40957,1975,117,7.8,5,"Action",2.1
34761,1974,103,15.1,626,"Action",4.2
6092,2000,86,10.2,37,"Comedy",8.7
30374,1952,79,9.9,13,"Drama",5.2
37146,1997,90,15.5,11,"Action",0.6
19534,2002,115,17.4,12,"Action",4.2
44815,1947,63,13.5,5,"Comedy",7.5
29399,2000,126,15.9,7123,"Comedy",4.7
19427,1993,90,15.9,28,"Comedy",8.1
51519,1975,100,7.4,24,"Drama",4.3
27318,1987,93,11.2,24,"Drama",3.3
13103,1997,90,19.7,5,"Drama",2.5
5685,1978,89,10.8,81,"Action",4
35790,1935,105,14.3,155,"Drama",5.4
39462,2000,124,8.8,14,"Drama",3.8
13606,1960,93,14.8,141,"Drama",4
9491,1972,102,13.9,2913,"Comedy",4.7
17230,1962,95,10.3,77,"Comedy",7.4
4121,1997,93,17.9,68,"Drama",4.8
5093,1982,90,13.7,13,"Drama",4.9
43433,1968,17,11.4,19,"Short",7.5
29949,2003,17,7.6,8,"Drama",7.9
51055,1994,160,8.4,7,"Drama",4.7
43964,1977,104,10.1,72,"Drama",3.8
37285,2000,101,9.7,11,"Action",5.6
28681,1993,140,14.8,16,"Action",3.3
32567,1999,94,13.6,36,"Drama",1.7
56845,1987,107,10.7,568,"Drama",3.4
1114,1937,61,8.9,44,"Comedy",3.4
42442,1954,89,12.4,18,"Comedy",7.8
41160,1978,85,15.3,92,"Action",2.6
65,1979,119,8.6,2610,"Drama",4.2
41884,2000,40,10.4,30,"Drama",7.8
35324,1998,105,15,1810,"Drama",5
55906,1916,20,12.6,7,"Comedy",7.9
11167,2002,7,9.4,6,"Short",8.5
33648,1986,105,12.2,18,"Drama",4
4454,1938,75,13.5,19,"Comedy",3.8
12068,1998,95,13.6,9,"Action",3.1
46151,1959,104,8,455,"Comedy",4.8
53108,1950,75,15,10,"Comedy",7.3
43525,1994,89,11.5,311,"Action",3.6
56346,1938,18,14.7,52,"Comedy",7.7
5974,1975,95,12.5,83,"Action",5
39033,1942,84,11.7,200,"Comedy",8.2
3028,1974,108,13.5,15,"Action",4.9
11990,1995,74,10.7,61,"Comedy",4.2
33131,1959,106,12,14,"Drama",4.9
42147,1945,69,6.9,9,"Comedy",2.2
23925,2004,103,5.2,327,"Action",3.9
24188,2002,84,15.6,10,"Action",3.5
39090,1996,13,13.8,9,"Short",7.3
34503,1992,108,9.7,58,"Drama",4.4
9325,1979,121,15.6,933,"Drama",3
9074,1954,88,7.9,114,"Action",4.4
6197,1971,89,11.8,230,"Drama",3.6
26253,1946,7,9.3,13,"Animation",8.6
24207,1932,104,13.2,29,"Drama",2.6
57612,2004,80,10.5,146,"Comedy",8.2
51925,1987,101,9.5,1279,"Comedy",3.2
12656,1980,79,10,107,"Action",2.7
26560,1915,33,13.2,102,"Comedy",7.4
56500,1904,3,7.8,5,"Short",8.8
55674,2004,80,11.5,120,"Documentary",7.6
35654,1937,84,10.2,15,"Drama",2.5
34575,1933,7,12.1,8,"Animation",3.2
39134,2000,104,10.6,72,"Comedy",7.7
39546,1969,95,13.3,72,"Comedy",8.1
40959,1996,100,17.1,75,"Comedy",7.9
25170,1999,89,7.6,34,"Action",2.7
34450,1990,93,11.9,11,"Drama",3.2
58029,1959,95,11.3,16,"Drama",4.7
49354,1987,86,13.5,464,"Comedy",8.5
35166,1950,7,10.8,61,"Animation",8.1
38576,1997,92,7.8,27,"Action",3.8
15718,1994,59,9.7,15,"Drama",4.6
17879,1993,NA,9.7,22,"Drama",4.7
58044,2000,NA,10.5,49,"Romance",4
53884,1941,90,17.3,148,"Comedy",3.9
1095,1998,96,12.8,26,"Comedy",8
25173,2000,112,15.4,53,"Documentary",8.3
1055,1992,88,12.8,87,"Action",4.2
21503,1980,108,10.9,213,"Action",8.4
7035,1987,88,14.9,8,"Drama",2.3
28184,1936,82,13.1,6,"Action",3.3
54740,1985,NA,10,114,"Comedy",5.4
8057,1968,83,8.4,7,"Drama",4.8
4164,1978,89,10.7,13,"Romance",4.9
49251,1989,87,14.3,28,"Drama",1.6
29837,1991,92,9.4,1434,"Comedy",3.7
32969,1956,90,9.1,7,"Action",3.8
43508,1964,85,13,17,"Action",4.7
38593,1953,9,11.3,18,"Short",7.8
7582,1939,NA,15.3,18,"Action",8.3
46158,1988,93,8.8,348,"Action",4.5
28707,1944,10,7.3,6,"Documentary",8.3
27920,1936,54,9.6,32,"Action",3.8
12363,1987,98,8,55,"Action",3.6
45829,1995,90,10.1,118,"Action",4.7
38065,1984,88,14.9,19,"Action",3.6
25055,2004,126,11.6,350,"Drama",2.1
45913,1929,72,13.1,9,"Comedy",9.3
33973,1985,98,10.4,68,"Action",4.5
39980,1966,88,10.1,42,"Action",3.6
23545,1950,7,8.3,25,"Animation",8
36524,1964,90,11.3,108,"Drama",4.7
7413,1961,85,12.8,37,"Comedy",7.5
9659,1932,7,10.1,19,"Animation",2.7
50094,1998,90,7.5,89,"Drama",3.1
56086,2003,15,16.2,69,"Action",7.9
6350,2002,110,12,5965,"Drama",2.9
5175,2004,45,14.4,8,"Comedy",8
8122,1963,NA,11.4,12,"Action",4.1
29481,1969,8,13.1,13,"Short",8.2
52756,1974,89,12.1,14,"Action",3.7
5534,2000,94,11.1,17,"Action",3.6
35267,1997,55,9,6,"Documentary",8
4112,1991,NA,18.3,20,"Comedy",8.9
3948,1943,19,18.5,56,"Comedy",7.4
23432,1965,54,9.3,5,"Documentary",8.3
56087,1977,90,13.6,15,"Action",3.1
20740,1963,99,8.7,36,"Comedy",1.7
3812,1951,NA,15.5,15,"Drama",4.2
22628,1954,88,12.8,23,"Action",3.5
16761,1997,84,13,437,"Drama",4.1
16744,1998,110,10.5,15,"Action",8.8
12162,1990,90,5.8,9,"Drama",4.2
7561,1985,70,14.2,16,"Documentary",8.3
56938,1973,93,20.2,64,"Action",7.8
32536,2001,104,8.7,57,"Comedy",4
18487,1940,87,17.7,9,"Drama",6.1
42944,1965,104,6.2,3292,"Drama",2.7
45907,1929,77,8.4,20,"Drama",2.8
51637,1987,91,10.6,111,"Comedy",7.9
42852,1930,65,11,13,"Comedy",4.4
18715,1981,114,6.6,341,"Drama",3.5
45247,1939,231,12.1,6,"Action",4
10853,1973,85,17.7,5,"Comedy",8.1
24189,2000,3,16.1,44,"Short",7.7
21798,1951,77,11.3,23,"Comedy",7.6
57148,1962,98,10.6,5,"Action",4.4
48772,1987,96,10.5,39,"Drama",4
42267,1985,20,15.1,56,"Romance",8.6
45682,1962,76,12,6,"Comedy",7.6
37244,1967,7,10.6,19,"Animation",8.3
12390,1972,10,12.5,11,"Documentary",8.3
56587,1964,111,4.5,493,"Comedy",4.9
24718,1970,130,15.9,24,"Drama",3.2
57030,1939,75,12.5,12,"Comedy",7.9
58619,2001,120,6,15,"Action",3.6
14051,2002,113,9.5,78,"Drama",4.3
43528,1993,82,12.7,71,"Action",3.9
45376,1934,78,12.5,11,"Drama",3.9
52458,1972,NA,14.8,9,"Comedy",7.7
52194,2003,109,14.5,12,"Drama",4
13025,1994,103,11.8,3465,"Drama",4.8
32751,2001,86,15.6,587,"Comedy",8.2
54409,1981,90,10.5,102,"Animation",3.5
44364,1995,127,14.1,7547,"Comedy",4.1
30240,1949,6,16,65,"Animation",8.3
24688,1956,82,12.8,15,"Drama",2.5
35784,1983,105,12.5,7,"Drama",4.2
37179,1959,149,12.8,1197,"Drama",1.2
9061,1953,7,11.6,21,"Animation",7.7
38368,1960,98,13,15,"Drama",3.8
25615,1988,82,15.3,39,"Comedy",8.3
14220,1975,105,15.8,6,"Action",8.6
540,1969,107,12.7,57,"Drama",3
3901,1973,89,15.7,172,"Action",3.8
25084,1979,91,16,25,"Drama",4
47906,2005,74,19,5,"Drama",4.4
54634,1999,56,7.2,14,"Documentary",3.1
29312,1996,100,11.7,127,"Drama",4.9
52646,1963,105,12.8,782,"Action",8.3
58623,1934,10,5.8,5,"Short",8
53308,1935,10,6.1,6,"Documentary",8.3
31271,1970,100,13.6,5,"Drama",2.4
41333,1942,68,16.8,49,"Comedy",3
18968,1998,86,7.6,14,"Documentary",4
12292,1998,97,12.8,941,"Comedy",4.1
38208,2004,115,16.3,111,"Drama",5
49425,1959,88,14.7,25,"Drama",4.1
53877,1951,75,7.2,12,"Drama",4
47761,2004,19,12.2,8,"Comedy",8.4
17224,1985,110,15.1,105,"Action",2.9
50166,2004,NA,5.8,69,"Comedy",5.1
5056,1995,70,11.5,14,"Drama",3.9
18686,1929,78,16.3,10,"Drama",4.5
13930,2000,99,9.3,1231,"Drama",4.7
32308,1977,104,10.9,325,"Drama",3.3
23863,1932,73,12.6,16,"Drama",5.8
6048,1994,87,10.1,21,"Documentary",7.3
15783,1988,96,12.8,1238,"Comedy",8.2
22720,1994,87,5.3,39,"Action",3.8
48060,1940,72,18.7,9,"Comedy",8.2
23597,2004,9,10.6,24,"Animation",5
22147,1999,112,8.5,285,"Drama",4
55170,1974,80,4.8,95,"Drama",3.2
26341,2003,9,8.2,8,"Comedy",7.7
48730,1997,NA,14.3,57,"Drama",3
22161,1993,73,6.8,5,"Documentary",3.8
47941,2001,77,13.2,35,"Drama",2.7
29552,1998,96,10.8,226,"Drama",4
47208,1976,NA,15.7,46,"Romance",2.7
13096,1946,110,8.8,301,"Drama",3.5
8510,1953,7,14.3,23,"Animation",8.5
45402,1968,100,12.9,107,"Comedy",3.5
32275,2003,132,11.8,107,"Drama",4.9
43238,1975,95,16.8,16,"Action",7.8
41280,1904,1,15.5,6,"Short",8
21379,1989,109,7.1,1008,"Drama",5.7
31147,1992,120,10.8,446,"Drama",4.9
18416,2000,87,16.2,24,"Drama",3.8
9771,1988,87,11.9,4250,"Action",2.7
54985,1990,87,11.1,6,"Action",3.8
23060,2000,94,14,96,"Comedy",7.8
13179,2001,89,10.3,17,"Action",4.3
12418,1996,27,12.4,7,"Short",7.4
26447,1952,84,7.3,808,"Drama",1.5
34478,1977,120,12.6,193,"Action",4.6
26853,2000,76,10.2,201,"Action",3.4
3590,1971,83,13.2,15,"Comedy",8.6
52277,1935,68,18.2,20,"Drama",3.9
18390,2002,97,11.2,52,"Drama",4.3
16380,1989,100,13.2,17,"Drama",4.2
49979,1991,95,11.5,999,"Comedy",7.6
46533,1969,97,12.4,27,"Drama",4.4
15940,1972,92,8.7,7,"Comedy",5
31887,1938,103,14.8,6,"Action",3.7
24424,1952,95,17.3,11,"Drama",3.2
49511,1987,90,15.3,495,"Comedy",8.3
36673,1980,103,7.8,40,"Documentary",4.5
11839,1953,80,15.3,26,"Drama",3.8
58028,1963,85,10.7,11,"Action",2.1
15038,1971,90,13.5,88,"Comedy",3.7
4377,1968,98,14.3,4653,"Action",3.3
9352,2004,20,15.5,7,"Drama",7.8
14411,1974,94,5.3,5,"Comedy",2.5
20302,1999,127,13.4,16362,"Drama",4
16219,2003,54,12.3,5,"Action",5.3
9750,2002,117,10.9,429,"Drama",4.7
4482,1997,88,11,21,"Drama",3.8
46922,1933,74,14.4,43,"Drama",6.4
40034,2000,NA,14.6,16,"Action",4.7
46749,1995,83,12.5,255,"Action",4.2
44518,2002,22,12.1,5,"Short",8
10703,1950,76,14,37,"Action",3.5
38783,1942,88,14.6,1224,"Comedy",5
14908,1987,86,12.6,26,"Drama",3.3
46326,1956,77,14.8,179,"Action",4.1
57337,1943,7,12.1,33,"Animation",7.5
46085,1988,100,8.5,15,"Drama",3.5
42702,2004,95,12.8,350,"Drama",3.5
50745,2001,86,10,467,"Action",4.2
39538,1976,110,11.1,20,"Documentary",8.3
17693,1934,60,8,6,"Action",4.9
1040,1964,100,11.2,120,"Comedy",7.9
2727,1950,107,8.4,529,"Comedy",4.8
51647,1948,7,12.4,40,"Animation",7.9
21456,1978,25,8.2,17,"Drama",7.6
32447,1937,96,13.8,308,"Drama",3.7
2413,1995,48,9.8,5,"Documentary",8.3
10766,1967,11,8.7,27,"Documentary",7.4
4549,1979,100,13.7,30,"Documentary",7.6
20098,1988,93,6.3,208,"Drama",5.1
25376,1947,7,17.2,6,"Animation",7.3
51371,1977,78,12.7,5,"Action",2.6
3748,1999,93,12.4,53,"Drama",4.7
46036,1994,96,11.1,90,"Action",4.5
15858,1994,93,17.9,46,"Action",7.7
7884,1951,7,11.7,85,"Animation",7.8
14296,1945,7,12.7,8,"Animation",8.1
55347,1960,90,13,49,"Action",4.5
48181,1989,89,12.1,8,"Action",4.3
2754,1984,90,10.1,845,"Drama",4.3
17183,1949,8,13.4,5,"Animation",7.8
935,2003,91,10.8,211,"Comedy",8
20125,1958,118,17,52,"Drama",4.9
38730,1969,158,10.6,2011,"Comedy",4.6
54194,1997,89,6.3,488,"Action",3.2
51745,2001,111,16.5,43,"Action",8.2
9704,1987,84,16.3,5,"Action",7.7
3147,1941,11,15.1,7,"Documentary",8.2
40993,1956,NA,12,34,"Drama",4.9
55595,2003,NA,15.1,49,"Comedy",4.1
11971,1974,75,12.3,21,"Action",4.4
52932,1956,88,5.8,48,"Comedy",4.3
20222,1956,99,16.5,361,"Comedy",8.6
13339,1983,106,14,7,"Drama",4.1
57385,1998,105,14.8,174,"Comedy",8.2
18639,1980,117,16.2,299,"Action",4.3
49630,1934,87,17.4,16,"Action",8
35299,2001,117,8.9,149,"Drama",4.8
54434,1999,89,14,3486,"Action",8.1
52698,1955,73,10.2,43,"Action",4.1
45124,1934,86,10.9,8,"Drama",4.4
56035,1936,10,11.4,9,"Short",8.8
5267,1982,95,12.5,27,"Comedy",8.4
39568,1971,91,13.2,51,"Action",3.6
12577,1948,113,13.1,128,"Comedy",8.2
40839,1946,100,11.6,99,"Drama",3.8
34749,1995,143,13.5,9273,"Drama",1.4
28988,2003,12,13.6,32,"Drama",7.9
45085,1951,6,17.3,25,"Animation",8
50151,1976,100,10.4,11,"Drama",4.6
14364,1998,119,14.3,39,"Drama",6.2
2009,1955,109,11.7,11,"Drama",5.5
55114,1963,84,9.4,77,"Action",5
49299,1960,95,19.7,19,"Drama",3.4
39469,2002,74,8.7,17,"Comedy",4.1
30593,1965,1,8.8,46,"Short",8.5
37337,1947,110,10.7,83,"Action",4
52576,1969,86,16.4,9,"Action",7.7
6876,1954,149,14.9,24,"Drama",5
21105,1925,71,11.8,88,"Documentary",8.6
17126,1995,99,15.5,43,"Drama",3.1
58528,1999,100,10.9,44,"Comedy",3.5
40290,1998,86,11.8,21,"Action",3.9
23631,1982,88,13,21,"Action",3.6
52469,2002,25,15.2,42,"Comedy",8.1
52896,2001,112,14.2,11,"Drama",5.3
39020,1997,80,16.7,9,"Action",8.4
44497,1960,84,11.9,46,"Animation",3.1
14531,1947,7,9.3,22,"Animation",8.1
28085,1983,125,9,12,"Drama",5.2
50928,1977,91,10.4,11,"Drama",2.2
2589,1972,82,16.9,32,"Action",8
15172,1999,77,11.8,1790,"Comedy",7.8
23650,1991,NA,12.1,11,"Action",3.6
17002,1943,65,16.3,24,"Action",8.6
27813,1999,92,13.4,106,"Action",2.5
32783,1975,123,14.5,41,"Drama",3.4
11018,1956,111,10,364,"Action",3.8
6864,1940,119,11.6,312,"Drama",4
4833,1957,7,10.9,58,"Animation",8.9
29244,2002,96,10.5,56,"Comedy",8.2
38853,1971,110,7.8,979,"Drama",2.6
5692,1989,90,11.5,12277,"Comedy",7.8
14541,1944,7,17.1,30,"Animation",8
40986,1994,60,11.5,17,"Drama",2.9
46091,1998,95,9.3,249,"Action",4.5
57930,2001,99,10.1,35,"Comedy",4.3
48353,1985,77,11.9,54,"Action",4.3
25192,1986,85,11.7,27,"Action",4
46858,1993,120,7.1,32,"Drama",3.6
32485,1949,97,13.8,5,"Comedy",3.1
8120,1991,NA,15.4,204,"Action",7.8
11184,1929,21,14.5,9,"Drama",8.2
55660,1937,109,14.7,45,"Comedy",4
20782,2003,7,11.1,15,"Short",7.9
49367,1899,1,10.4,5,"Action",3.8
54165,2002,90,7.2,6,"Action",5.4
49181,1967,105,13.7,13,"Action",2.8
39553,1975,107,14.6,15,"Action",4.5
8959,1959,82,10.5,23,"Action",4.3
642,2001,5,9.4,17,"Animation",5.3
3533,1930,85,16.8,8,"Drama",3.3
723,1940,110,14.7,226,"Drama",4.1
39048,1996,110,12,85,"Drama",4.3
14936,1935,8,5.8,38,"Documentary",8.8
46012,1991,96,13.1,47,"Comedy",7.8
46034,1997,95,12.2,6,"Action",5.6
30122,1940,87,11.5,5,"Action",3.7
50283,1996,89,14.9,204,"Drama",2.8
42249,1990,94,8.8,35,"Action",5.2
9617,1984,89,9,13,"Drama",3.1
36118,1984,103,13.6,31,"Drama",3.7
53195,1971,98,14,9,"Comedy",7.5
7950,1995,NA,14.9,34,"Comedy",8.3
17495,1980,103,11.2,31,"Drama",5.5
24790,1998,117,11,4409,"Drama",3.1
15950,1952,95,8.1,11,"Comedy",4.3
5688,1954,86,9.1,5,"Drama",2.2
36237,1932,21,14.3,7,"Comedy",8
30076,1994,80,10,8,"Drama",4.6
12790,1998,80,12.4,15,"Action",3.7
3180,1997,90,10.1,22,"Drama",3.8
47006,1964,81,8.8,14,"Comedy",5.1
50271,1973,99,15.6,8,"Action",4.1
21633,1985,98,11.5,12,"Comedy",7.6
39397,2004,70,13.2,16,"Documentary",8
6498,2001,17,11.4,39,"Short",8.4
7483,1986,4,15.4,28,"Animation",8.1
15920,1956,98,11.2,56,"Comedy",8.3
14563,1984,83,8.1,13,"Action",2.7
17514,1988,100,14.7,7,"Drama",4.5
35036,1999,89,16.4,18,"Drama",4.2
17364,1974,NA,14.7,11,"Drama",4.7
14038,1993,40,18.3,17,"Drama",7.9
25563,1996,105,14.5,238,"Comedy",8.6
40365,2003,85,5.8,16,"Drama",4.2
41521,1986,84,12.2,7,"Drama",3.2
36194,1997,93,11.1,510,"Drama",5.1
33340,1970,88,10.7,12,"Comedy",7.8
25973,1991,93,10.4,6,"Drama",3.4
25560,1982,80,13.3,6,"Drama",4.6
27540,1998,60,11.7,6,"Documentary",7.8
44126,1998,79,11.7,1455,"Animation",4
50913,1990,NA,7.2,13,"Drama",3.9
45328,1967,117,20,147,"Action",7.6
53911,1962,150,10.1,19,"Drama",3.7
46478,2000,101,10.3,23,"Action",4.6
4050,1984,95,12.4,42,"Action",8.7
27841,1962,112,7.5,148,"Drama",3.9
25550,1994,123,7.5,26698,"Drama",3.8
11176,1957,77,12.9,23,"Action",5.4
31243,1985,84,14.5,319,"Comedy",7.9
36733,1968,108,16.9,364,"Comedy",8.5
34167,1999,90,16.1,13,"Action",7.3
5190,1963,80,12.1,6,"Drama",3.1
40284,1951,122,13.6,2191,"Drama",3.9
32972,1990,90,11.1,22,"Documentary",8.6
56289,1934,77,15.2,49,"Comedy",8.3
49884,1974,143,14.9,33,"Action",5.3
41978,1965,108,13,7,"Comedy",4.2
36380,1932,58,14.6,17,"Drama",4.9
40352,2003,99,13.3,33,"Drama",4.2
43352,1944,87,11.3,6,"Action",4.6
8933,1995,176,9.3,27234,"Drama",3.5
17476,1941,97,8.7,79,"Comedy",2.4
7315,1982,94,13.4,12,"Romance",3.1
30364,1972,85,11,7,"Action",4.9
44809,1999,85,15.5,5,"Drama",4.9
38015,1997,103,15.2,154,"Drama",5.1
47467,2005,89,8.9,199,"Action",4.5
40169,1984,85,11.9,80,"Action",4.5
44220,1973,103,12.7,9,"Action",4.7
14746,2002,80,10.2,24,"Action",2.8
46342,1997,100,14.2,175,"Comedy",3.5
35006,1985,98,9.5,9,"Drama",4.6
15147,1953,7,14.3,1260,"Animation",7.7
57585,1997,102,9.7,433,"Action",2.8
30548,2003,5,10.5,812,"Drama",8
42898,2003,90,13.4,77,"Drama",3
21100,2002,17,12.2,21,"Comedy",7.7
957,1970,100,12.9,61,"Drama",2.9
48816,1962,81,10.5,8,"Action",3.4
5897,1931,71,10.5,52,"Action",2.2
22480,1997,95,12.8,15,"Comedy",7.7
35414,1950,93,9.8,133,"Drama",3.1
15032,1997,117,13.5,1086,"Action",7.9
54295,1998,97,11.3,100,"Comedy",7.8
26408,1962,112,11.2,23,"Comedy",4.6
5886,1948,76,11.6,33,"Action",2.1
57266,1964,94,10.8,238,"Action",3.2
39816,1952,8,10,19,"Animation",5.9
31810,2001,23,9.3,6,"Comedy",7.4
31826,1981,87,9.5,5,"Action",4.2
53476,1943,94,9,7,"Comedy",4.9
44047,2003,NA,11.7,5,"Drama",3
12901,1992,5,15.1,6,"Short",7.7
22433,1988,97,13.4,219,"Comedy",8.8
50834,1979,87,10,46,"Drama",5.3
20491,2001,103,14.7,353,"Documentary",7.9
19935,1996,NA,14.6,6,"Documentary",7.4
7475,1966,75,7.4,7,"Comedy",6
7077,1982,135,12.3,5,"Comedy",7.6
54008,1974,110,8.9,10,"Drama",3.5
23994,1939,67,12.2,18,"Drama",5
4471,1978,110,10.6,5,"Action",3.4
21451,1971,121,10.8,32,"Comedy",3.8
47531,1942,67,12.3,63,"Comedy",2.6
35307,2003,74,7.2,23,"Documentary",3
20286,1995,90,15.4,6,"Drama",3.4
25854,2004,189,9.6,10,"Documentary",2.8
43473,1966,NA,11.6,14,"Action",4.6
10641,1933,80,11.8,12,"Comedy",7.4
46115,1976,92,7.7,48,"Action",5.2
7472,1947,92,13.1,296,"Drama",3.2
31535,1994,107,12.5,2901,"Comedy",3.9
14693,2000,93,14.7,12,"Action",1.6
45569,1960,87,10.4,96,"Action",2.5
39083,2000,108,17.2,6,"Drama",3
24594,1997,107,11.2,509,"Comedy",4.6
26520,2004,81,12,9,"Drama",4.3
47211,1966,NA,9.4,15,"Action",3.9
